field,n_levels,smallest_level_support,largest_level_support,largest_level_share
cat1,2,46768,141550,0.7516541169723553
cat2,2,81597,106721,0.566706315912446
cat3,2,10325,177993,0.9451725273208084
cat4,2,59923,128395,0.681798872120562
cat5,2,64581,123737,0.6570641149544919
cat6,2,56625,131693,0.6993118023768307
cat7,2,4574,183744,0.975711296848947
cat8,2,11044,177274,0.9413545173589354
cat9,2,75196,113122,0.600696693890122
cat10,2,28105,160213,0.8507577608088446
cat11,2,20132,168186,0.893095721067556
cat12,2,28493,159825,0.848697416072813
cat13,2,19467,168851,0.8966269820197751
cat14,2,2277,186041,0.9879087500929279
cat15,2,34,188284,0.9998194543272549
cat16,2,6475,181843,0.9656166696757612
cat17,2,1309,187009,0.993048991599316
cat18,2,987,187331,0.9947588653235485
cat19,2,1808,186510,0.9903992183434404
cat20,2,204,188114,0.9989167259635298
cat21,2,413,187905,0.9978069010928323
cat22,2,43,188275,0.999771662825646
cat23,2,30873,157445,0.8360592189806604
cat24,2,6341,181977,0.9663282320330505
cat25,2,18349,169969,0.9025637485529795
cat26,2,11199,177119,0.9405314414978919
cat27,2,20068,168250,0.8934355717456642
cat28,2,7380,180938,0.960810968680636
cat29,2,3725,184593,0.9802196285007275
cat30,2,3558,184760,0.9811064263639163
cat31,2,5338,182980,0.9716543293790291
cat32,2,1211,187107,0.9935693879501694
cat33,2,957,187361,0.9949181703289117
cat34,2,584,187734,0.9968988625622617
cat35,2,213,188105,0.9988689344619208
cat36,2,32005,156313,0.8300481101116197
cat37,2,22589,165729,0.8800486411283043
cat38,2,18995,169323,0.8991333807708238
cat39,2,4925,183393,0.9738474282861967
cat40,2,8199,180119,0.9564619420342187
cat41,2,7141,181177,0.9620800985566966
cat42,2,1695,186623,0.9909992671969753
cat43,2,4208,184110,0.9776548179143789
cat44,2,15602,172716,0.9171507768774095
cat45,2,4327,183991,0.9770229080597712
cat46,2,882,187436,0.9953164328423199
cat47,2,701,187617,0.996277573041345
cat48,2,269,188049,0.998571565118576
cat49,2,9191,179127,0.95119425652354
cat50,2,50707,137611,0.7307373697681581
cat51,2,1247,187071,0.9933782219437335
cat52,2,8813,179505,0.9532014995911171
cat53,2,15369,172949,0.9183880457523975
cat54,2,4556,183762,0.975806879852165
cat55,2,145,188173,0.9992300258074108
cat56,2,182,188136,0.9990335496341295
cat57,2,3022,185296,0.9839526757930734
cat58,2,239,188079,0.9987308701239392
cat59,2,300,188018,0.9984069499463674
cat60,2,446,187872,0.9976316655869327
cat61,2,722,187596,0.9961660595375906
cat62,2,45,188273,0.9997610424919551
cat63,2,79,188239,0.99958049681921
cat64,2,47,188271,0.9997504221582643
cat65,2,2262,186056,0.9879884025956096
cat66,2,8336,179982,0.9557344491763932
cat67,2,692,187626,0.996325364542954
cat68,2,142,188176,0.9992459563079472
cat69,2,307,188011,0.9983697787784492
cat70,2,23,188295,0.9998778661625548
cat71,2,9672,178646,0.9486400662708823
cat72,2,69996,118322,0.6283095614864219
cat73,3,26,154275,0.8192259900806084
cat74,3,26,184731,0.9809524315253986
cat75,3,1,154307,0.8193959154196625
cat76,3,788,181347,0.9629828269204218
cat77,4,49,187503,0.9956722140209645
cat78,4,359,186526,0.9904841810129674
cat79,4,1668,152929,0.8120785055066431
cat80,4,783,137505,0.7301744920825413
cat81,4,788,154385,0.819810108433607
cat82,4,2655,147536,0.7834407757091728
cat83,4,4958,141534,0.7515691543028282
cat84,4,431,154939,0.822751940865982
cat85,4,514,186005,0.987717584086492
cat86,4,1589,103852,0.551471447232872
cat87,4,788,166992,0.8867553818540979
cat88,4,7,168926,0.8970252445331832
cat89,8,1,183744,0.975711296848947
cat90,7,2,177993,0.9451725273208084
cat91,8,26,111028,0.5895772045157659
cat92,7,1,124689,0.6621193937913529
cat93,5,432,150237,0.7977835363587124
cat94,7,20,121642,0.6459393154132903
cat95,5,109,87531,0.46480421414840856
cat96,8,12,174360,0.9258806911713165
cat97,7,34,78127,0.4148674051338693
cat98,5,542,105492,0.5601801208593974
cat99,16,3,79455,0.42191930670461664
cat100,15,26,42970,0.22817786934865494
cat101,19,1,106721,0.566706315912446
cat102,9,1,177274,0.9413545173589354
cat103,13,2,123737,0.6570641149544919
cat104,17,3,42925,0.22793891184061002
cat105,20,1,76493,0.4061905925084166
cat106,17,2,47165,0.2504540192652853
cat107,20,2,47310,0.25122399345787444
cat108,11,213,65512,0.3478796503786149
cat109,84,1,152918,0.8120200936713432
cat110,131,1,25305,0.13437377202391698
cat111,16,2,128395,0.681798872120562
cat112,51,30,25148,0.13354007582918256
cat113,61,1,26191,0.13907857984897887
cat114,19,1,131693,0.6993118023768307
cat115,23,1,43866,0.23293577884217123
cat116,326,1,21061,0.11183742393185994
