field,role,dtype,unique_count,missing_count,min,max,level_summary
id,identifier,int64,188318,0,1,587633,
cat1,categorical,str,2,0,,,nominal; most_common=A (n=141550)
cat2,categorical,str,2,0,,,nominal; most_common=A (n=106721)
cat3,categorical,str,2,0,,,nominal; most_common=A (n=177993)
cat4,categorical,str,2,0,,,nominal; most_common=A (n=128395)
cat5,categorical,str,2,0,,,nominal; most_common=A (n=123737)
cat6,categorical,str,2,0,,,nominal; most_common=A (n=131693)
cat7,categorical,str,2,0,,,nominal; most_common=A (n=183744)
cat8,categorical,str,2,0,,,nominal; most_common=A (n=177274)
cat9,categorical,str,2,0,,,nominal; most_common=A (n=113122)
cat10,categorical,str,2,0,,,nominal; most_common=A (n=160213)
cat11,categorical,str,2,0,,,nominal; most_common=A (n=168186)
cat12,categorical,str,2,0,,,nominal; most_common=A (n=159825)
cat13,categorical,str,2,0,,,nominal; most_common=A (n=168851)
cat14,categorical,str,2,0,,,nominal; most_common=A (n=186041)
cat15,categorical,str,2,0,,,nominal; most_common=A (n=188284)
cat16,categorical,str,2,0,,,nominal; most_common=A (n=181843)
cat17,categorical,str,2,0,,,nominal; most_common=A (n=187009)
cat18,categorical,str,2,0,,,nominal; most_common=A (n=187331)
cat19,categorical,str,2,0,,,nominal; most_common=A (n=186510)
cat20,categorical,str,2,0,,,nominal; most_common=A (n=188114)
cat21,categorical,str,2,0,,,nominal; most_common=A (n=187905)
cat22,categorical,str,2,0,,,nominal; most_common=A (n=188275)
cat23,categorical,str,2,0,,,nominal; most_common=A (n=157445)
cat24,categorical,str,2,0,,,nominal; most_common=A (n=181977)
cat25,categorical,str,2,0,,,nominal; most_common=A (n=169969)
cat26,categorical,str,2,0,,,nominal; most_common=A (n=177119)
cat27,categorical,str,2,0,,,nominal; most_common=A (n=168250)
cat28,categorical,str,2,0,,,nominal; most_common=A (n=180938)
cat29,categorical,str,2,0,,,nominal; most_common=A (n=184593)
cat30,categorical,str,2,0,,,nominal; most_common=A (n=184760)
cat31,categorical,str,2,0,,,nominal; most_common=A (n=182980)
cat32,categorical,str,2,0,,,nominal; most_common=A (n=187107)
cat33,categorical,str,2,0,,,nominal; most_common=A (n=187361)
cat34,categorical,str,2,0,,,nominal; most_common=A (n=187734)
cat35,categorical,str,2,0,,,nominal; most_common=A (n=188105)
cat36,categorical,str,2,0,,,nominal; most_common=A (n=156313)
cat37,categorical,str,2,0,,,nominal; most_common=A (n=165729)
cat38,categorical,str,2,0,,,nominal; most_common=A (n=169323)
cat39,categorical,str,2,0,,,nominal; most_common=A (n=183393)
cat40,categorical,str,2,0,,,nominal; most_common=A (n=180119)
cat41,categorical,str,2,0,,,nominal; most_common=A (n=181177)
cat42,categorical,str,2,0,,,nominal; most_common=A (n=186623)
cat43,categorical,str,2,0,,,nominal; most_common=A (n=184110)
cat44,categorical,str,2,0,,,nominal; most_common=A (n=172716)
cat45,categorical,str,2,0,,,nominal; most_common=A (n=183991)
cat46,categorical,str,2,0,,,nominal; most_common=A (n=187436)
cat47,categorical,str,2,0,,,nominal; most_common=A (n=187617)
cat48,categorical,str,2,0,,,nominal; most_common=A (n=188049)
cat49,categorical,str,2,0,,,nominal; most_common=A (n=179127)
cat50,categorical,str,2,0,,,nominal; most_common=A (n=137611)
cat51,categorical,str,2,0,,,nominal; most_common=A (n=187071)
cat52,categorical,str,2,0,,,nominal; most_common=A (n=179505)
cat53,categorical,str,2,0,,,nominal; most_common=A (n=172949)
cat54,categorical,str,2,0,,,nominal; most_common=A (n=183762)
cat55,categorical,str,2,0,,,nominal; most_common=A (n=188173)
cat56,categorical,str,2,0,,,nominal; most_common=A (n=188136)
cat57,categorical,str,2,0,,,nominal; most_common=A (n=185296)
cat58,categorical,str,2,0,,,nominal; most_common=A (n=188079)
cat59,categorical,str,2,0,,,nominal; most_common=A (n=188018)
cat60,categorical,str,2,0,,,nominal; most_common=A (n=187872)
cat61,categorical,str,2,0,,,nominal; most_common=A (n=187596)
cat62,categorical,str,2,0,,,nominal; most_common=A (n=188273)
cat63,categorical,str,2,0,,,nominal; most_common=A (n=188239)
cat64,categorical,str,2,0,,,nominal; most_common=A (n=188271)
cat65,categorical,str,2,0,,,nominal; most_common=A (n=186056)
cat66,categorical,str,2,0,,,nominal; most_common=A (n=179982)
cat67,categorical,str,2,0,,,nominal; most_common=A (n=187626)
cat68,categorical,str,2,0,,,nominal; most_common=A (n=188176)
cat69,categorical,str,2,0,,,nominal; most_common=A (n=188011)
cat70,categorical,str,2,0,,,nominal; most_common=A (n=188295)
cat71,categorical,str,2,0,,,nominal; most_common=A (n=178646)
cat72,categorical,str,2,0,,,nominal; most_common=A (n=118322)
cat73,categorical,str,3,0,,,nominal; most_common=A (n=154275)
cat74,categorical,str,3,0,,,nominal; most_common=A (n=184731)
cat75,categorical,str,3,0,,,nominal; most_common=A (n=154307)
cat76,categorical,str,3,0,,,nominal; most_common=A (n=181347)
cat77,categorical,str,4,0,,,nominal; most_common=D (n=187503)
cat78,categorical,str,4,0,,,nominal; most_common=B (n=186526)
cat79,categorical,str,4,0,,,nominal; most_common=B (n=152929)
cat80,categorical,str,4,0,,,nominal; most_common=D (n=137505)
cat81,categorical,str,4,0,,,nominal; most_common=D (n=154385)
cat82,categorical,str,4,0,,,nominal; most_common=B (n=147536)
cat83,categorical,str,4,0,,,nominal; most_common=B (n=141534)
cat84,categorical,str,4,0,,,nominal; most_common=C (n=154939)
cat85,categorical,str,4,0,,,nominal; most_common=B (n=186005)
cat86,categorical,str,4,0,,,nominal; most_common=B (n=103852)
cat87,categorical,str,4,0,,,nominal; most_common=B (n=166992)
cat88,categorical,str,4,0,,,nominal; most_common=A (n=168926)
cat89,categorical,str,8,0,,,nominal; most_common=A (n=183744)
cat90,categorical,str,7,0,,,nominal; most_common=A (n=177993)
cat91,categorical,str,8,0,,,nominal; most_common=A (n=111028)
cat92,categorical,str,7,0,,,nominal; most_common=A (n=124689)
cat93,categorical,str,5,0,,,nominal; most_common=D (n=150237)
cat94,categorical,str,7,0,,,nominal; most_common=D (n=121642)
cat95,categorical,str,5,0,,,nominal; most_common=C (n=87531)
cat96,categorical,str,8,0,,,nominal; most_common=E (n=174360)
cat97,categorical,str,7,0,,,nominal; most_common=C (n=78127)
cat98,categorical,str,5,0,,,nominal; most_common=A (n=105492)
cat99,categorical,str,16,0,,,nominal; most_common=P (n=79455)
cat100,categorical,str,15,0,,,nominal; most_common=F (n=42970)
cat101,categorical,str,19,0,,,nominal; most_common=A (n=106721)
cat102,categorical,str,9,0,,,nominal; most_common=A (n=177274)
cat103,categorical,str,13,0,,,nominal; most_common=A (n=123737)
cat104,categorical,str,17,0,,,nominal; most_common=E (n=42925)
cat105,categorical,str,20,0,,,nominal; most_common=E (n=76493)
cat106,categorical,str,17,0,,,nominal; most_common=G (n=47165)
cat107,categorical,str,20,0,,,nominal; most_common=F (n=47310)
cat108,categorical,str,11,0,,,nominal; most_common=B (n=65512)
cat109,categorical,str,84,0,,,nominal; most_common=BI (n=152918)
cat110,categorical,str,131,0,,,nominal; most_common=CL (n=25305)
cat111,categorical,str,16,0,,,nominal; most_common=A (n=128395)
cat112,categorical,str,51,0,,,nominal; most_common=E (n=25148)
cat113,categorical,str,61,0,,,nominal; most_common=BM (n=26191)
cat114,categorical,str,19,0,,,nominal; most_common=A (n=131693)
cat115,categorical,str,23,0,,,nominal; most_common=K (n=43866)
cat116,categorical,str,326,0,,,nominal; most_common=HK (n=21061)
cont1,continuous,float64,647,0,1.6e-05,0.984975,
cont2,continuous,float64,33,0,0.001149,0.862654,
cont3,continuous,float64,76,0,0.002634,0.944251,
cont4,continuous,float64,112,0,0.176921,0.954297,
cont5,continuous,float64,141,0,0.281143,0.983674,
cont6,continuous,float64,2573,0,0.012683,0.997162,
cont7,continuous,float64,5632,0,0.069503,1.0,
cont8,continuous,float64,201,0,0.23688,0.9802,
cont9,continuous,float64,347,0,8e-05,0.9954,
cont10,continuous,float64,174,0,0.0,0.99498,
cont11,continuous,float64,326,0,0.035321,0.998742,
cont12,continuous,float64,328,0,0.036232,0.998484,
cont13,continuous,float64,353,0,0.000228,0.988494,
cont14,continuous,float64,18740,0,0.179722,0.844848,
loss,target,float64,158223,0,0.67,121012.25,
