field,level,support,share,mean_loss,median_loss,iqr_loss,denominator
cat1,A,141550,0.7516541169723553,3408.0915145178383,2458.6899999999996,3028.7350000000006,188318
cat1,B,46768,0.24834588302764474,1915.19852056962,1444.8600000000001,1414.1675,188318
cat2,A,106721,0.566706315912446,2454.1398437983153,1739.25,1957.5500000000002,188318
cat2,B,81597,0.43329368408755403,3800.104170741571,2833.99,3424.7,188318
cat3,A,177993,0.9451725273208084,2902.2197510576257,2033.38,2479.7200000000003,188318
cat3,B,10325,0.05482747267919158,5366.640013559322,4570.91,4307.87,188318
cat4,A,128395,0.681798872120562,2826.826831185015,1974.74,2457.87,188318
cat4,B,59923,0.318201127879438,3488.3922250221117,2457.71,3060.574999999999,188318
cat5,A,123737,0.6570641149544919,2814.648334855379,1947.07,2467.85,188318
cat5,B,64581,0.34293588504550815,3464.009805980087,2464.84,2969.3199999999997,188318
cat6,A,131693,0.6993118023768307,3259.916396087871,2341.86,2807.66,188318
cat6,B,56625,0.30068819762316934,2519.6854452980133,1637.5,2120.26,188318
cat7,A,183744,0.975711296848947,2908.94434169279,2073.635,2545.1,188318
cat7,B,4574,0.024288703151053005,8195.0785242676,7614.575,7034.1224999999995,188318
cat8,A,177274,0.9413545173589354,2975.5585590103456,2070.73,2586.0950000000003,188318
cat8,B,11044,0.05864548264106458,4028.9922401303875,3035.31,3538.7574999999997,188318
cat9,A,113122,0.600696693890122,2512.009126076272,1778.855,2018.9899999999998,188318
cat9,B,75196,0.39930330610987796,3827.621973642215,2856.755,3465.9875000000006,188318
cat10,A,160213,0.8507577608088446,2694.1355275789106,1902.69,2231.84,188318
cat10,B,28105,0.1492422391911554,4993.767052481764,4089.17,4058.0,188318
cat11,A,168186,0.893095721067556,2810.9213719929126,1969.1350000000002,2389.0175,188318
cat11,B,20132,0.10690427893244406,4928.856368964832,3953.77,4052.4399999999996,188318
cat12,A,159825,0.848697416072813,2655.897436320976,1869.45,2169.56,188318
cat12,B,28493,0.15130258392718698,5176.939968764258,4322.13,3905.4,188318
cat13,A,168851,0.8966269820197751,2818.460441987314,1974.92,2398.9449999999997,188318
cat13,B,19467,0.10337301798022494,4935.8141572918275,3943.1,4083.6499999999996,188318
cat14,A,186041,0.9879087500929279,3004.308571175171,2099.37,2626.04,188318
cat14,B,2277,0.01209124990707208,5735.962845849803,4478.24,5297.95,188318
cat15,A,188284,0.9998194543272549,3037.267431645812,2115.39,2659.4674999999997,188318
cat15,B,34,0.00018054567274503766,3426.3879411764706,2647.9,2521.2850000000003,188318
cat16,A,181843,0.9656166696757612,2932.6280914855124,2051.7,2517.275,188318
cat16,B,6475,0.034383330324238785,5977.9873745173745,5199.6,4107.155,188318
cat17,A,187009,0.993048991599316,3018.2363248292863,2106.76,2637.6899999999996,188318
cat17,B,1309,0.006951008400683949,5766.234851031321,4632.37,4860.5599999999995,188318
cat18,A,187331,0.9947588653235485,3028.4992323747806,2110.12,2647.645,188318
cat18,B,987,0.005241134676451534,4714.86179331307,3845.48,4397.83,188318
cat19,A,186510,0.9903992183434404,3027.3069409683126,2108.88,2648.1450000000004,188318
cat19,B,1808,0.00960078165655965,4072.091111725664,3069.015,3588.5949999999993,188318
cat20,A,188114,0.9989167259635298,3034.3419256408347,2113.755,2654.805,188318
cat20,B,204,0.0010832740364702259,5799.81024509804,4853.44,4922.4349999999995,188318
cat21,A,187905,0.9978069010928323,3036.461993826668,2114.94,2658.17,188318
cat21,B,413,0.002193098907167663,3435.7562711864407,2314.4,3280.9299999999994,188318
cat22,A,188275,0.999771662825646,3037.0614561678394,2115.39,2659.3149999999996,188318
cat22,B,43,0.0002283371743540182,4246.80534883721,2462.33,4179.200000000001,188318
cat23,A,157445,0.8360592189806604,2831.2413276382226,1973.44,2423.31,188318
cat23,B,30873,0.16394078101933962,4088.380379619732,3068.2,3602.04,188318
cat24,A,181977,0.9663282320330505,2987.4257185798206,2081.87,2601.91,188318
cat24,B,6341,0.03367176796694952,4469.734789465384,3474.19,3788.26,188318
cat25,A,169969,0.9025637485529795,2951.763318310986,2044.75,2586.3199999999997,188318
cat25,B,18349,0.09743625144702046,3830.0233713008884,2811.01,3152.0999999999995,188318
cat26,A,177119,0.9405314414978919,3001.3993590185128,2081.04,2630.37,188318
cat26,B,11199,0.05946855850210814,3605.7241914456645,2696.47,2902.59,188318
cat27,A,168250,0.8934355717456642,3028.052370460624,2112.57,2656.96,188318
cat27,B,20068,0.10656442825433575,3115.1857165636834,2139.0299999999997,2672.5824999999995,188318
cat28,A,180938,0.960810968680636,2965.1951838751397,2066.915,2574.5875,188318
cat28,B,7380,0.039189031319364055,4806.080231707317,3809.135,4025.21,188318
cat29,A,184593,0.9802196285007275,3003.5051451571835,2096.08,2618.3,188318
cat29,B,3725,0.019780371499272507,4713.914907382551,3679.46,4308.62,188318
cat30,A,184760,0.9811064263639163,3017.7328358952154,2104.47,2637.2625,188318
cat30,B,3558,0.018893573636083644,4055.3792945474984,2989.26,3707.5925,188318
cat31,A,182980,0.9716543293790291,3031.111213356651,2109.59,2655.4200000000005,188318
cat31,B,5338,0.02834567062097091,3250.7734113900333,2349.465,2666.7075000000004,188318
cat32,A,187107,0.9935693879501694,3031.9235996515363,2111.04,2653.835,188318
cat32,B,1211,0.006430612049830605,3873.8475061932286,2886.85,3189.1900000000005,188318
cat33,A,187361,0.9949181703289117,3028.486762933588,2110.54,2650.25,188318
cat33,B,957,0.005081829671088265,4770.167084639499,3517.38,3960.75,188318
cat34,A,187734,0.9968988625622617,3032.2243383191108,2112.36,2653.92,188318
cat34,B,584,0.003101137437738294,4681.0862328767125,3547.045,4194.2225,188318
cat35,A,188105,0.9988689344619208,3035.27734270753,2114.28,2657.08,188318
cat35,B,213,0.0011310655380792065,4856.872018779342,3580.18,3896.38,188318
cat36,A,156313,0.8300481101116197,2831.646554797106,1972.3,2431.0699999999997,188318
cat36,B,32005,0.16995188988838028,4041.936896422434,3008.05,3518.92,188318
cat37,A,165729,0.8800486411283043,3025.5396695810628,2100.03,2668.13,188318
cat37,B,22589,0.11995135887169575,3123.896338483333,2233.02,2570.6800000000003,188318
cat38,A,169323,0.8991333807708238,2944.27730013052,2031.72,2585.15,188318
cat38,B,18995,0.10086661922917618,3866.885654119505,2886.87,3019.7650000000003,188318
cat39,A,183393,0.9738474282861967,3029.637268434455,2107.55,2652.4800000000005,188318
cat39,B,4925,0.02615257171380325,3324.0793340101523,2459.61,2821.1100000000006,188318
cat40,A,180119,0.9564619420342187,2959.775965722661,2065.38,2567.72,188318
cat40,B,8199,0.043538057965781286,4741.245410415904,3721.56,4054.1949999999997,188318
cat41,A,181177,0.9620800985566966,2987.398415472163,2080.46,2603.63,188318
cat41,B,7141,0.03791990144330335,4304.36571488587,3280.98,3704.9100000000008,188318
cat42,A,186623,0.9909992671969753,3031.9743241722613,2110.03,2656.7749999999996,188318
cat42,B,1695,0.00900073280302467,3627.8548613569324,2719.88,2680.6099999999997,188318
cat43,A,184110,0.9776548179143789,3016.3629148878385,2100.815,2637.3475,188318
cat43,B,4208,0.02234518208562113,3955.0337523764256,2876.495,3459.1925,188318
cat44,A,172716,0.9171507768774095,2995.4635541003727,2062.545,2647.9725,188318
cat44,B,15602,0.0828492231225905,3500.889314190488,2648.13,2594.4824999999996,188318
cat45,A,183991,0.9770229080597712,3003.736869520792,2093.86,2618.9300000000003,188318
cat45,B,4327,0.02297709194022876,4466.098435405593,3424.09,4042.4749999999995,188318
cat46,A,187436,0.9953164328423199,3028.1084648626734,2110.245,2649.2300000000005,188318
cat46,B,882,0.004683567157680094,4998.662210884354,3824.9449999999997,4182.2475,188318
cat47,A,187617,0.996277573041345,3031.022527329613,2111.88,2652.2799999999997,188318
cat47,B,701,0.003722426958655041,4727.5389158345215,3473.37,4095.7400000000002,188318
cat48,A,188049,0.998571565118576,3035.5637408866837,2113.99,2657.29,188318
cat48,B,269,0.0014284348814239743,4277.443791821561,3222.68,3400.9,188318
cat49,A,179127,0.95119425652354,3020.376721208975,2108.41,2643.535,188318
cat49,B,9191,0.04880574347646003,3367.896567294092,2285.54,2992.26,188318
cat50,A,137611,0.7307373697681581,3231.7804930565144,2313.21,2770.415,188318
cat50,B,50707,0.2692626302318419,2509.649808902124,1614.31,2134.2749999999996,188318
cat51,A,187071,0.9933782219437335,3029.16784199582,2110.51,2651.955,188318
cat51,B,1247,0.006621778056266528,4262.951820368885,3034.37,3897.8999999999996,188318
cat52,A,179505,0.9532014995911171,3016.8080650678257,2106.89,2636.64,188318
cat52,B,8813,0.046798500408882844,3455.489228412572,2345.38,3173.42,188318
cat53,A,172949,0.9183880457523975,2995.085321337504,2079.27,2629.2799999999997,188318
cat53,B,15369,0.08161195424760245,3512.8080584293057,2547.67,2944.6900000000005,188318
cat54,A,183762,0.975806879852165,3033.420964998204,2115.385,2658.255,188318
cat54,B,4556,0.024193120147835045,3195.3149517120282,2119.535,2690.965,188318
cat55,A,188173,0.9992300258074108,3036.1642069797476,2114.49,2657.5299999999997,188318
cat55,B,145,0.0007699741925891312,4560.213586206896,3580.65,3535.57,188318
cat56,A,188136,0.9990335496341295,3036.2174214929623,2114.4849999999997,2657.5874999999996,188318
cat56,B,182,0.0009664503658704957,4195.370769230769,3368.23,3255.0975000000003,188318
cat57,A,185296,0.9839526757930734,2919.869698644331,2081.9300000000003,2555.335,188318
cat57,B,3022,0.016047324206926582,10239.967772998014,9532.34,5424.892499999998,188318
cat58,A,188079,0.9987308701239392,3033.4903597956177,2113.63,2655.235,188318
cat58,B,239,0.0012691298760607059,6064.957782426778,4663.13,5489.35,188318
cat59,A,188018,0.9984069499463674,3032.3965407035494,2113.2700000000004,2653.7999999999997,188318
cat59,B,300,0.001593050053632685,6134.085,4807.255,4805.665000000001,188318
cat60,A,187872,0.9976316655869327,3035.220635805229,2113.91,2656.56,188318
cat60,B,446,0.0023683344130672585,3929.1188340807175,3043.385,3549.5725,188318
cat61,A,187596,0.9961660595375906,3031.8755710676132,2111.285,2652.9850000000006,188318
cat61,B,722,0.003833940462409329,4456.5493905817175,3435.96,3340.425,188318
cat62,A,188273,0.9997610424919551,3036.680964875473,2115.29,2659.2300000000005,188318
cat62,B,45,0.00023895750804490276,5784.955333333333,3552.94,4753.549999999999,188318
cat63,A,188239,0.99958049681921,3036.9642400883986,2115.32,2659.185,188318
cat63,B,79,0.0004195031807899404,3927.173417721519,2888.95,3523.7400000000002,188318
cat64,A,188271,0.9997504221582643,3036.347945780285,2115.18,2658.4350000000004,188318
cat64,B,47,0.0002495778417357873,7002.0040425531915,5099.53,7419.49,188318
cat65,A,186056,0.9879884025956096,3017.1358310938645,2103.63,2635.7325,188318
cat65,B,2262,0.012011597404390445,4698.998275862069,3651.5550000000003,4116.345000000001,188318
cat66,A,179982,0.9557344491763932,3001.270972375015,2086.33,2616.8075,188318
cat66,B,8336,0.04426555082360688,3816.051600287908,2855.365,3325.4599999999996,188318
cat67,A,187626,0.996325364542954,3030.2036088814984,2111.865,2650.1875,188318
cat67,B,692,0.0036746354570460606,4971.641575144509,3850.045,4723.2525000000005,188318
cat68,A,188176,0.9992459563079472,3036.228232346314,2115.32,2658.4049999999997,188318
cat68,B,142,0.0007540436920528043,4507.56647887324,2683.205,4004.88,188318
cat69,A,188011,0.9983697787784492,3035.361300296259,2113.6,2657.1000000000004,188318
cat69,B,307,0.001630221221550781,4247.703127035831,3302.07,2873.6100000000006,188318
cat70,A,188295,0.9998778661625548,3037.347945404817,2115.5,2659.605,188318
cat70,B,23,0.00012213383744517253,2953.3439130434786,2351.49,2056.56,188318
cat71,A,178646,0.9486400662708823,2994.279637663312,2097.025,2630.1,188318
cat71,B,9672,0.05135993372911777,3832.6383519437554,2544.31,3229.865,188318
cat72,A,118322,0.6283095614864219,2527.5614649008635,1816.95,2055.0975,188318
cat72,B,69996,0.3716904385135781,3899.068955940339,2873.585,3612.5575,188318
cat73,A,154275,0.8192259900806084,3248.6214265435096,2302.83,2885.16,188318
cat73,B,34017,0.18063594558141016,2077.681825557809,1530.89,1549.2199999999998,188318
cat73,C,26,0.00013806433798149937,4914.809615384615,3538.62,3485.3375000000005,188318
cat74,A,184731,0.9809524315253986,3028.714006907341,2109.7,2649.075,188318
cat74,B,3561,0.018909504136619973,3470.99298792474,2497.67,3035.05,188318
cat74,C,26,0.00013806433798149937,4914.809615384615,3538.62,3485.3375000000005,188318
cat75,A,154307,0.8193959154196625,3142.1058881321,2148.91,2789.8050000000003,188318
cat75,B,34010,0.18059877441349206,2561.945274037048,1983.68,2169.21,188318
cat75,C,1,5.310166845442284e-06,4666.24,4666.24,0.0,188318
cat76,A,181347,0.9629828269204218,2976.8011205589282,2082.3,2596.6,188318
cat76,B,6183,0.03283276160536964,4864.522917677503,3607.17,4355.085,188318
cat76,C,788,0.0041844114742085195,2632.056192893401,1491.565,2207.7799999999997,188318
cat77,A,49,0.0002601981754266719,3226.7236734693874,1945.61,2967.79,188318
cat77,B,358,0.0019010397306683377,1912.4551117318438,1206.1950000000002,1231.735,188318
cat77,C,408,0.0021665480729404518,3282.2006862745097,1947.9450000000002,2955.635,188318
cat77,D,187503,0.9956722140209645,3038.90312165672,2118.25,2660.245,188318
cat78,A,788,0.0041844114742085195,2616.591535532995,1486.8400000000001,2187.8799999999997,188318
cat78,B,186526,0.9904841810129674,3026.3615664840286,2111.815,2645.705,188318
cat78,C,645,0.0034250576153102732,5050.549131782946,3892.64,4356.860000000001,188318
cat78,D,359,0.00190634989751378,6046.691977715877,4927.44,5694.665,188318
cat79,A,7064,0.037511018596204294,2718.4069691392974,1932.0900000000001,2370.2925,188318
cat79,B,152929,0.8120785055066431,2469.844946478431,1858.84,2040.32,188318
cat79,C,1668,0.00885735829819773,4086.9942805755395,3264.555,3498.3774999999996,188318
cat79,D,26657,0.14155311759895495,6311.83205837116,5440.81,4874.900000000001,188318
cat80,A,783,0.004157860639981309,2621.2236270753515,1489.67,2189.54,188318
cat80,B,46538,0.247124544653193,5453.62125230994,4568.17,4310.442500000001,188318
cat80,C,3492,0.018543102624284456,3890.750094501718,3143.245,3055.8875,188318
cat80,D,137505,0.7301744920825413,2200.253190938511,1695.59,1742.8700000000001,188318
cat81,A,788,0.0041844114742085195,2616.591535532995,1486.8400000000001,2187.8799999999997,188318
cat81,B,24132,0.1281449463142132,4816.168605171557,3866.87,4051.7725,188318
cat81,C,9013,0.0478605337779713,4718.471941639854,3565.14,4217.25,188318
cat81,D,154385,0.819810108433607,2663.290577258153,1889.23,2228.1499999999996,188318
cat82,A,19322,0.10260304378763581,3163.145966256081,2200.16,2859.575,188318
cat82,B,147536,0.7834407757091728,3150.0479540586703,2204.9799999999996,2809.705,188318
cat82,C,2655,0.014098492974649263,3258.3722297551785,2279.57,2772.63,188318
cat82,D,18805,0.09985768752854214,1992.5870093060357,1586.18,1455.63,188318
cat83,A,26038,0.1382661243216262,3082.327530148245,2136.02,2758.8625,188318
cat83,B,141534,0.7515691543028282,3068.115140037023,2130.13,2684.0249999999996,188318
cat83,C,4958,0.026327807219702844,3106.7593142396126,2191.675,2687.7225000000003,188318
cat83,D,15788,0.08383691415584278,2665.429006207246,1957.6799999999998,2286.525,188318
cat84,A,29450,0.15638441359827526,2759.7057816638367,1931.46,2247.0525000000002,188318
cat84,B,431,0.0022886819103856244,4470.943828306265,3092.25,3758.1949999999997,188318
cat84,C,154939,0.822751940865982,3075.8894897992113,2142.99,2724.245,188318
cat84,D,3498,0.01857496362535711,3490.5101686678104,2497.425,3156.4449999999997,188318
cat85,A,788,0.0041844114742085195,2616.591535532995,1486.8400000000001,2187.8799999999997,188318
cat85,B,186005,0.987717584086492,3016.017262277896,2107.35,2635.04,188318
cat85,C,1011,0.005368578680742149,5762.211414441148,4607.67,5023.795,188318
cat85,D,514,0.002729425758557334,6038.127529182879,4932.485000000001,5385.15,188318
cat86,A,1589,0.00843785511740779,4375.607709251101,2685.52,3899.8500000000004,188318
cat86,B,103852,0.551471447232872,3042.2350894542233,2124.605,2744.085,188318
cat86,C,10290,0.0546416168396011,2567.642617103985,1871.0349999999999,2106.9449999999997,188318
cat86,D,72587,0.385449080810119,3067.619223827958,2132.39,2600.93,188318
cat87,A,788,0.0041844114742085195,2616.591535532995,1486.8400000000001,2187.8799999999997,188318
cat87,B,166992,0.8867553818540979,2667.135706381144,1934.57,2224.1050000000005,188318
cat87,C,8819,0.0468303614099555,5969.474561741694,4967.84,4874.85,188318
cat87,D,11719,0.06222984526173812,6134.3427015956995,5270.12,4566.014999999999,188318
cat88,A,168926,0.8970252445331832,3032.025333341226,2105.615,2682.9249999999997,188318
cat88,B,7,3.7171167918095986e-05,3228.7985714285714,3383.09,3009.865,188318
cat88,D,19302,0.10249684045072696,3084.6465008807377,2207.1,2453.8349999999996,188318
cat88,E,83,0.0004407438481717096,2831.3069879518075,2140.93,1940.0049999999997,188318
cat89,A,183744,0.975711296848947,2908.94434169279,2073.635,2545.1,188318
cat89,B,4312,0.02289743943754713,8213.293627087198,7666.925,7004.349999999999,188318
cat89,C,220,0.0011682367059973025,7803.455545454545,6860.18,6530.562499999998,188318
cat89,D,33,0.00017523550589959537,8898.260909090908,7238.85,9344.57,188318
cat89,E,5,2.6550834227211417e-05,3244.568,3032.37,486.19000000000005,188318
cat89,G,1,5.310166845442284e-06,3666.93,3666.93,0.0,188318
cat89,H,1,5.310166845442284e-06,18646.37,18646.37,0.0,188318
cat89,I,2,1.0620333690884567e-05,9814.04,9814.04,7621.320000000001,188318
cat90,A,177993,0.9451725273208084,2902.2197510576257,2033.38,2479.7200000000003,188318
cat90,B,9515,0.05052623753438333,5302.007737256962,4530.23,4250.450000000001,188318
cat90,C,728,0.0038658014634819827,6116.2280494505485,5240.12,4995.4400000000005,188318
cat90,D,70,0.0003717116791809599,6060.263,5637.195,5406.829999999999,188318
cat90,E,6,3.1861001072653704e-05,5872.208333333333,5456.67,6443.905,188318
cat90,F,4,2.1240667381769135e-05,7565.1900000000005,7660.610000000001,2719.9350000000004,188318
cat90,G,2,1.0620333690884567e-05,9814.04,9814.04,7621.320000000001,188318
cat91,A,111028,0.5895772045157659,2968.8541332816944,2049.185,2665.12,188318
cat91,B,42630,0.22637241262120456,3103.5065805770582,2230.91,2531.9125000000004,188318
cat91,C,6400,0.03398506781083062,4864.9663921875,3957.115,4448.9175,188318
cat91,D,1149,0.006101381705413184,5086.299869451697,3974.15,4754.870000000001,188318
cat91,E,254,0.00134878237874234,5537.82,4484.235,4966.7075,188318
cat91,F,97,0.0005150861840079016,5747.867525773196,5145.5,6342.129999999999,188318
cat91,G,26734,0.141962000446054,2655.2352102191967,1891.705,2145.3925,188318
cat91,H,26,0.00013806433798149937,4914.809615384615,3538.62,3485.3375000000005,188318
cat92,A,124689,0.6621193937913529,3041.3819373802016,2083.84,2752.01,188318
cat92,B,628,0.003334784778937754,4045.4543152866245,2818.83,4016.2824999999993,188318
cat92,C,62,0.0003292303444174216,5761.742903225806,4586.845,5800.1175,188318
cat92,D,11,5.8411835299865124e-05,6784.23090909091,3920.1,7642.304999999999,188318
cat92,F,1,5.310166845442284e-06,1084.57,1084.57,0.0,188318
cat92,H,62901,0.3340148047451651,3015.1701303635873,2170.7,2463.6800000000003,188318
cat92,I,26,0.00013806433798149937,4914.809615384615,3538.62,3485.3375000000005,188318
cat93,A,432,0.0022939920772310665,1643.553148148148,1221.7849999999999,1262.8825000000002,188318
cat93,B,1133,0.006016419035886108,2869.2075022065314,2094.81,2359.08,188318
cat93,C,35788,0.19004025106468844,3118.6908611825193,2176.275,2774.005,188318
cat93,D,150237,0.7977835363587124,3020.311462888636,2104.92,2635.86,188318
cat93,E,728,0.0038658014634819827,3640.5074725274726,2534.4750000000004,3318.9375000000005,188318
cat94,A,738,0.003918903131936406,1717.991734417344,1412.775,1273.1574999999998,188318
cat94,B,51710,0.2745887275778205,2609.7320674917814,2011.99,2193.705,188318
cat94,C,13623,0.07234040293546024,2925.9785429053804,2122.41,2547.0499999999997,188318
cat94,D,121642,0.6459393154132903,3246.086086960096,2179.835,2942.9725,188318
cat94,E,91,0.00048322518293524784,1256.722087912088,1110.65,818.325,188318
cat94,F,494,0.0026232224216484884,1801.7843319838055,1402.305,1261.6025,188318
cat94,G,20,0.00010620333690884567,2139.1265,1925.245,1799.5925,188318
cat95,A,3736,0.019838783334572372,3530.3094218415417,2235.145,3062.275,188318
cat95,B,109,0.0005788081861532089,1820.938623853211,1631.0,1464.4999999999998,188318
cat95,C,87531,0.46480421414840856,3117.471229050279,2161.46,2663.615,188318
cat95,D,79525,0.4222910183837976,2990.93260949387,2088.13,2701.3999999999996,188318
cat95,E,17417,0.09248717594706826,2748.3694126428204,1987.68,2355.7999999999997,188318
cat96,A,35,0.00018585583959047995,1671.250857142857,1276.72,729.1149999999998,188318
cat96,B,2957,0.015702163361972832,3768.8838958403785,2591.36,2989.5999999999995,188318
cat96,C,24,0.00012744400429061481,4320.787499999999,2514.6949999999997,4254.537499999999,188318
cat96,D,7922,0.04206714174959377,2889.674623832366,2021.83,2324.1575000000003,188318
cat96,E,174360,0.9258806911713165,3029.678285788025,2112.88,2667.3275000000003,188318
cat96,F,343,0.0018213872279867034,2235.9202332361515,1894.6,1715.87,188318
cat96,G,2665,0.014151594643103687,3272.903069418386,2111.28,2981.4300000000003,188318
cat96,I,12,6.372200214530741e-05,3555.0275,2051.485,1461.9474999999998,188318
cat97,A,41970,0.22286770250321264,3012.5308718132,2063.105,2425.8500000000004,188318
cat97,B,34,0.00018054567274503766,3664.933529411765,3059.125,2893.2000000000003,188318
cat97,C,78127,0.4148674051338693,3103.712921909199,2129.01,2786.265,188318
cat97,D,3779,0.02006712050892639,2968.557793066949,2194.13,2726.29,188318
cat97,E,47450,0.25196741681623636,2961.1030476290834,2146.7299999999996,2726.8950000000004,188318
cat97,F,213,0.0011310655380792065,4203.008544600939,2569.94,4156.27,188318
cat97,G,16745,0.08891874382693105,3005.2726234696925,2086.69,2441.95,188318
cat98,A,105492,0.5601801208593974,3062.414535035832,2131.565,2758.7825000000003,188318
cat98,B,542,0.002878110430229718,2385.891881918819,1836.54,1673.3450000000003,188318
cat98,C,21485,0.11408893467432747,3096.0500162904355,2225.47,2455.67,188318
cat98,D,50557,0.26846610520502556,3062.9720669739104,2097.67,2671.9400000000005,188318
cat98,E,10242,0.05438672883101987,2563.8212624487405,1869.525,2103.14,188318
cat99,C,310,0.001646151722087108,5719.515161290323,3068.165,4923.99,188318
cat99,D,8844,0.04696311558109156,3403.8957372229756,2357.275,3002.6124999999997,188318
cat99,E,1034,0.005490712518187321,3964.889941972921,2479.31,3516.5875,188318
cat99,F,2702,0.01434807081638505,3364.0043671354556,2138.39,2907.5275,188318
cat99,G,19,0.0001008931700634034,1362.9094736842105,1180.53,950.8400000000001,188318
cat99,H,93,0.0004938455166261324,1894.659569892473,1543.32,1593.3300000000002,188318
cat99,I,38,0.0002017863401268068,1816.1805263157894,1766.425,1355.26,188318
cat99,J,245,0.0013009908771333596,4408.55,3141.51,4282.59,188318
cat99,K,2703,0.014353380983230492,3122.1727450980393,2302.43,2845.1549999999997,188318
cat99,M,52,0.00027612867596299873,1991.7725,1627.03,1829.4875,188318
cat99,N,2894,0.015367622850709969,3093.8004388389772,2193.88,2840.8425,188318
cat99,O,3,1.5930500536326852e-05,936.6033333333335,1106.18,307.5849999999999,188318
cat99,P,79455,0.42191930670461664,2993.899861556856,2089.68,2703.665,188318
cat99,R,10290,0.0546416168396011,2567.642617103985,1871.0349999999999,2106.9449999999997,188318
cat99,S,7045,0.03741012542614089,2989.176400283889,2177.44,2792.0299999999997,188318
cat99,T,72591,0.3854703214775008,3067.9923586946043,2132.51,2601.3,188318
cat100,A,9402,0.04992618868084835,1746.2421697511168,1281.935,1292.5900000000001,188318
cat100,B,6608,0.03508958251468261,3090.5893341404358,2310.51,2406.0824999999995,188318
cat100,C,836,0.004439299482789749,4835.537141148325,3665.085,4107.057499999999,188318
cat100,D,553,0.002936522265529583,2253.6821338155514,1743.03,1642.08,188318
cat100,E,26,0.00013806433798149937,4914.809615384615,3538.62,3485.3375000000005,188318
cat100,F,42970,0.22817786934865494,3200.0989397253898,2325.085,2568.4049999999997,188318
cat100,G,12935,0.06868700814579594,4678.556561267877,3636.05,4093.5599999999995,188318
cat100,H,10776,0.05722235792648605,3906.7548997772824,2932.415,3204.9799999999996,188318
cat100,I,39933,0.21205089263904672,1970.402508702076,1470.68,1423.88,188318
cat100,J,12027,0.06386537665013435,2063.532037914692,1416.12,1545.6649999999997,188318
cat100,K,13817,0.07337057530347603,2772.5496974741263,1852.56,2596.8599999999997,188318
cat100,L,19961,0.10599624040187343,4005.5817143429686,3315.15,3424.3300000000004,188318
cat100,M,5185,0.02753321509361824,4767.290925747348,3822.92,4520.8,188318
cat100,N,7592,0.04031478669059782,3055.7959641728135,2318.205,2322.465,188318
cat100,O,5697,0.03025202051848469,3496.4890345796034,2388.8,3125.0599999999995,188318
cat101,A,106721,0.566706315912446,2454.1398437983153,1739.25,1957.5500000000002,188318
cat101,B,3,1.5930500536326852e-05,1292.02,936.81,727.0149999999999,188318
cat101,C,16971,0.090118841534001,2778.2836379706555,1912.24,2361.41,188318
cat101,D,17171,0.09118087490308946,2812.9903057480637,1927.96,2400.7799999999997,188318
cat101,E,7,3.7171167918095986e-05,4458.574285714286,3426.28,2567.7750000000005,188318
cat101,F,10139,0.05383978164593931,3560.151861130289,2723.55,2904.8550000000005,188318
cat101,G,10944,0.05811446595652035,3450.680946637427,2644.12,2773.3675000000003,188318
cat101,H,1,5.310166845442284e-06,1320.72,1320.72,0.0,188318
cat101,I,6690,0.035525016196008875,4590.935254110613,3804.7250000000004,3462.4775,188318
cat101,J,7259,0.03854650113106554,4603.863789778206,3825.63,3365.9750000000004,188318
cat101,K,2,1.0620333690884567e-05,3240.165,3240.165,2211.215,188318
cat101,L,3173,0.016849159400588367,5321.419555625591,4558.45,3668.1299999999997,188318
cat101,M,3669,0.01948300215592774,5540.2927664213685,4627.24,3879.7099999999996,188318
cat101,N,1,5.310166845442284e-06,2192.72,2192.72,0.0,188318
cat101,O,2493,0.013238245945687614,6870.387172081829,5970.22,4620.24,188318
cat101,Q,2762,0.014666680827111587,7057.4702643012315,6016.505,4842.449999999999,188318
cat101,R,138,0.0007328030246710352,8564.376594202899,7287.925,5563.387500000001,188318
cat101,S,173,0.0009186588642615152,8993.138439306358,8280.08,5316.499999999999,188318
cat101,U,1,5.310166845442284e-06,15972.49,15972.49,0.0,188318
cat102,A,177274,0.9413545173589354,2975.5585590103456,2070.73,2586.0950000000003,188318
cat102,B,5155,0.027373910088254974,4018.6318874878757,3006.97,3490.89,188318
cat102,C,4929,0.026173812381185015,3914.580137959018,2978.93,3466.4000000000005,188318
cat102,D,449,0.0023842649136035852,4615.829376391982,3551.57,4013.7599999999998,188318
cat102,E,482,0.0025595004195031806,4529.677510373444,3391.335,3810.5374999999995,188318
cat102,F,12,6.372200214530741e-05,5688.412499999999,5351.88,7384.972500000001,188318
cat102,G,15,7.965250268163426e-05,8334.852666666668,6677.43,6913.250000000002,188318
cat102,H,1,5.310166845442284e-06,18646.37,18646.37,0.0,188318
cat102,J,1,5.310166845442284e-06,17435.36,17435.36,0.0,188318
cat103,A,123737,0.6570641149544919,2814.648334855379,1947.07,2467.85,188318
cat103,B,33342,0.17705158296073661,3078.8902804270892,2064.615,2692.0150000000003,188318
cat103,C,16508,0.08766023428456123,3447.5018433486794,2477.8050000000003,2724.0024999999996,188318
cat103,D,7806,0.04145116239552247,4029.012131693569,3063.58,3041.2174999999997,188318
cat103,E,4473,0.023752376299663334,4349.91779342723,3379.92,3325.51,188318
cat103,F,1528,0.00811393493983581,5009.336590314136,4092.255,3539.2525,188318
cat103,G,550,0.002920591764993256,5712.691854545455,4566.67,4112.6925,188318
cat103,H,190,0.0010089317006340339,5983.009473684211,4989.425,3924.34,188318
cat103,I,109,0.0005788081861532089,7276.575963302753,6280.68,5231.67,188318
cat103,J,45,0.00023895750804490276,7106.018888888889,6046.6,5574.280000000001,188318
cat103,K,11,5.8411835299865124e-05,6249.808181818182,6497.98,5924.845,188318
cat103,L,17,9.027283637251883e-05,6675.83,5886.72,2882.62,188318
cat103,N,2,1.0620333690884567e-05,2836.435,2836.435,2238.3949999999995,188318
cat104,A,68,0.0003610913454900753,3527.34,2190.955,3168.3599999999997,188318
cat104,B,43,0.0002283371743540182,3195.70976744186,2594.26,3030.8250000000007,188318
cat104,C,6949,0.03690034940897843,2847.1126737660093,2108.58,2614.48,188318
cat104,D,27611,0.1466190167695069,2970.460094889718,2191.84,2707.255,188318
cat104,E,42925,0.22793891184061002,2981.0809421083286,2076.6,2756.08,188318
cat104,F,19228,0.10210388810416424,3068.3329233409613,2111.2200000000003,2624.7799999999997,188318
cat104,G,40660,0.21591138393568327,3117.23777004427,2118.17,2729.65,188318
cat104,H,17187,0.09126583757261653,2767.820460813405,1968.41,2353.805,188318
cat104,I,10919,0.0579817117853843,3014.904157889917,2081.42,2490.98,188318
cat104,J,3138,0.016663303560997888,3330.961504142766,2199.005,2453.42,188318
cat104,K,14297,0.07591945538928833,3173.2300167867384,2157.31,2541.13,188318
cat104,L,3486,0.018511241623211803,3683.609644291452,2527.54,2956.7725,188318
cat104,M,1156,0.00613855287333128,4167.185519031142,2575.6099999999997,2987.69,188318
cat104,N,153,0.0008124555273526695,3861.0956209150327,2557.33,2816.87,188318
cat104,O,409,0.002171858239785894,3089.3257457212712,2413.27,2637.6800000000003,188318
cat104,P,86,0.0004566743487080364,3035.8196511627907,2503.9449999999997,2100.7275,188318
cat104,Q,3,1.5930500536326852e-05,4747.946666666667,3333.34,3321.5499999999997,188318
cat105,A,77,0.00040888284709905584,3015.3992207792207,1880.77,2382.02,188318
cat105,B,5,2.6550834227211417e-05,1236.3380000000002,1201.95,94.82999999999993,188318
cat105,C,275,0.001460295882496628,2794.335927272727,2099.17,2371.955,188318
cat105,D,12172,0.06463535084272348,2612.9226298061126,1919.475,2138.8925,188318
cat105,E,76493,0.4061905925084166,2861.3099895415266,2075.47,2573.5600000000004,188318
cat105,F,62892,0.3339670132435561,3071.0210373338423,2141.87,2664.9075000000003,188318
cat105,G,20613,0.1094584691851018,3226.280348809004,2132.86,2793.4700000000003,188318
cat105,H,11258,0.05978185834598923,3430.475048854148,2232.97,3137.55,188318
cat105,I,2941,0.015617200692445756,4356.198208092485,2793.65,4252.71,188318
cat105,J,694,0.003685255790736945,5340.362507204611,3237.865,4512.1525,188318
cat105,K,486,0.00258074108688495,5147.148744855967,2902.585,5174.745,188318
cat105,L,145,0.0007699741925891312,6631.49475862069,3805.29,6176.16,188318
cat105,M,171,0.0009080385305706305,6275.504035087719,3519.23,5465.244999999999,188318
cat105,N,64,0.00033985067810830615,7031.06546875,5558.05,6511.6925,188318
cat105,O,9,4.779150160898055e-05,6625.501111111112,4313.53,6428.51,188318
cat105,P,15,7.965250268163426e-05,22600.972,4069.65,13406.864999999998,188318
cat105,Q,4,2.1240667381769135e-05,12335.162499999999,5433.785,13328.8275,188318
cat105,R,2,1.0620333690884567e-05,15316.645,15316.645,12531.355000000003,188318
cat105,S,1,5.310166845442284e-06,3637.2,3637.2,0.0,188318
cat105,T,1,5.310166845442284e-06,51383.04,51383.04,0.0,188318
cat106,A,75,0.00039826251340817126,3259.5108,2003.69,2515.4,188318
cat106,B,9,4.779150160898055e-05,3540.1299999999997,2211.29,1832.1099999999997,188318
cat106,C,129,0.0006850115230620546,6771.240542635659,3183.76,3346.56,188318
cat106,D,1934,0.010269862679085378,4462.236458117891,2741.5150000000003,3613.13,188318
cat106,E,13000,0.0690321689907497,3538.7423969230767,2281.435,2902.4100000000003,188318
cat106,F,36143,0.19192536029482046,3278.1418116924438,2201.74,2767.725,188318
cat106,G,47165,0.2504540192652853,2928.131985582529,2046.08,2526.39,188318
cat106,H,37713,0.20026232224216484,2912.657092249357,2051.82,2621.79,188318
cat106,I,21433,0.11381280599836446,2815.5252535809263,2015.21,2560.42,188318
cat106,J,18281,0.09707516010153039,3010.036765494229,2221.7,2817.25,188318
cat106,K,7958,0.04225830775602969,2785.64882005529,2165.16,2625.2875000000004,188318
cat106,L,2971,0.015776505697809026,2660.348882531134,1994.26,2364.79,188318
cat106,M,1176,0.006244756210240125,2941.4861564625853,2191.84,2922.02,188318
cat106,N,231,0.0012266485412971676,2591.4112987012986,2028.74,2328.01,188318
cat106,O,66,0.00035047101179919073,2319.965909090909,1961.1100000000001,2287.7775,188318
cat106,P,2,1.0620333690884567e-05,759.425,759.425,169.93500000000006,188318
cat106,R,32,0.00016992533905415308,3546.8984375,2844.31,2778.42,188318
cat107,A,75,0.00039826251340817126,3259.5108,2003.69,2515.4,188318
cat107,B,2,1.0620333690884567e-05,19845.899999999998,19845.899999999998,17321.159999999996,188318
cat107,C,213,0.0011310655380792065,2076.430704225352,1553.98,1402.74,188318
cat107,D,3225,0.017125288076551365,2636.230164341085,1817.15,1976.63,188318
cat107,E,12521,0.06648859907178284,2871.4291749860236,1971.56,2318.26,188318
cat107,F,47310,0.25122399345787444,3072.6211885436483,2098.4849999999997,2778.8475,188318
cat107,G,28560,0.15165836510583164,3149.791914565826,2233.975,2769.9125,188318
cat107,H,23461,0.12458182436092143,3124.0431528920335,2254.84,2744.97,188318
cat107,I,20066,0.10655380792064487,2913.9882148908605,2059.32,2481.99,188318
cat107,J,22405,0.11897428817213437,3084.531565721937,2103.27,2682.7799999999997,188318
cat107,K,20236,0.10745653628437006,2946.549609112473,2038.5549999999998,2549.8925,188318
cat107,L,6976,0.03704372391380537,3003.2061697247705,2150.3599999999997,2737.0,188318
cat107,M,2067,0.0109761148695292,3074.337929366231,2318.36,2956.9899999999993,188318
cat107,N,797,0.004232202975817501,3053.982032622334,2275.71,2729.42,188318
cat107,O,125,0.0006637708556802855,2950.61352,2471.53,3120.76,188318
cat107,P,100,0.0005310166845442284,3138.6722999999997,2389.165,3534.1825,188318
cat107,Q,140,0.0007434233583619198,2985.1141428571427,2211.245,2924.6025,188318
cat107,R,5,2.6550834227211417e-05,3063.068,3061.6,1065.0700000000002,188318
cat107,S,2,1.0620333690884567e-05,5553.495,5553.495,61.70499999999993,188318
cat107,U,32,0.00016992533905415308,3546.8984375,2844.31,2778.42,188318
cat108,A,9299,0.0493792414957678,2985.5236143671364,2189.2,2695.115,188318
cat108,B,65512,0.3478796503786149,2835.619131914764,2041.21,2590.7025,188318
cat108,C,520,0.0027612867596299878,2365.833115384615,1847.03,1677.095,188318
cat108,D,19160,0.10174279675867416,3719.431096033403,2378.755,3364.8425,188318
cat108,E,7968,0.042311409424484116,3771.1030860943774,2416.935,3275.1124999999997,188318
cat108,F,10242,0.05438672883101987,2563.8212624487405,1869.525,2103.14,188318
cat108,G,21421,0.11374908399621916,3094.658479062602,2225.51,2454.4400000000005,188318
cat108,H,4305,0.02286026826962903,3878.6507781649243,2478.45,3437.37,188318
cat108,I,7243,0.038461538461538464,2969.863907220765,2174.46,2778.85,188318
cat108,J,213,0.0011310655380792065,4203.008544600939,2569.94,4156.27,188318
cat108,K,42435,0.2253369300863433,2928.250686225993,2041.16,2581.2250000000004,188318
cat109,A,52,0.00027612867596299873,2252.565192307692,1839.025,2220.445,188318
cat109,AA,14,7.434233583619197e-05,2418.3342857142857,1872.33,1786.2275,188318
cat109,AB,21933,0.11646788942108562,2609.7275730634206,2048.22,2329.99,188318
cat109,AE,52,0.00027612867596299873,2882.0209615384615,2651.245,2670.545,188318
cat109,AF,8,4.248133476353827e-05,1452.7275,1456.64,1196.6374999999998,188318
cat109,AG,1,5.310166845442284e-06,1150.72,1150.72,0.0,188318
cat109,AH,55,0.00029205917649932563,2108.246727272727,1805.13,1738.88,188318
cat109,AI,18,9.55830032179611e-05,1527.1244444444446,1525.75,1033.5500000000002,188318
cat109,AJ,50,0.0002655083422721142,1975.3736,1889.2649999999999,1742.4175000000005,188318
cat109,AK,1,5.310166845442284e-06,544.06,544.06,0.0,188318
cat109,AL,151,0.0008018351936617848,2319.1014569536424,1922.66,1833.2650000000003,188318
cat109,AM,52,0.00027612867596299873,1605.5507692307692,1563.965,916.6425000000002,188318
cat109,AN,17,9.027283637251883e-05,1522.1523529411766,1528.08,686.7199999999998,188318
cat109,AO,2,1.0620333690884567e-05,866.18,866.18,394.41999999999985,188318
cat109,AP,7,3.7171167918095986e-05,1084.1585714285713,1132.76,476.105,188318
cat109,AQ,57,0.00030267951019021015,1939.4750877192982,1640.39,1299.28,188318
cat109,AR,208,0.001104514703851995,2923.4834615384616,2549.95,3031.0175,188318
cat109,AS,159,0.0008443165284253232,2669.9440251572328,1898.61,2445.85,188318
cat109,AT,200,0.0010620333690884568,3003.6402999999996,2673.63,2739.9899999999993,188318
cat109,AU,22,0.00011682367059973025,2677.7054545454544,2024.915,2000.3874999999998,188318
cat109,AV,6,3.1861001072653704e-05,1959.705,1841.975,1467.3875000000003,188318
cat109,AW,74,0.000392952346562729,2063.627027027027,1867.425,1657.5024999999996,188318
cat109,AX,54,0.0002867490096538833,1646.7096296296297,1410.35,864.7225000000002,188318
cat109,AY,9,4.779150160898055e-05,2495.366666666667,2216.07,1345.79,188318
cat109,B,1,5.310166845442284e-06,759.84,759.84,0.0,188318
cat109,BA,33,0.00017523550589959537,2848.4166666666665,2424.76,2682.6000000000004,188318
cat109,BB,14,7.434233583619197e-05,3510.847142857143,3730.68,1596.0025000000005,188318
cat109,BC,14,7.434233583619197e-05,1793.9635714285712,1756.46,738.1275000000003,188318
cat109,BD,43,0.0002283371743540182,1965.152558139535,1878.0,1443.7599999999998,188318
cat109,BE,5,2.6550834227211417e-05,1700.2900000000002,1614.7,408.07000000000016,188318
cat109,BF,1,5.310166845442284e-06,2887.44,2887.44,0.0,188318
cat109,BG,3,1.5930500536326852e-05,3268.263333333334,3885.06,1096.0549999999998,188318
cat109,BH,257,0.001364712879278667,2315.3504280155644,1930.47,2061.46,188318
cat109,BI,152918,0.8120200936713432,3146.284931531932,2141.13,2775.78,188318
cat109,BJ,22,0.00011682367059973025,2541.0,1626.795,2785.435,188318
cat109,BK,15,7.965250268163426e-05,1694.0266666666669,1543.67,970.4449999999999,188318
cat109,BL,122,0.0006478403551439586,1997.1469672131147,1690.835,1723.2024999999999,188318
cat109,BM,2,1.0620333690884567e-05,1868.235,1868.235,613.1749999999997,188318
cat109,BN,2,1.0620333690884567e-05,1680.49,1680.49,383.6100000000001,188318
cat109,BO,329,0.0017470448921505114,1855.6795744680849,1500.16,1460.5099999999998,188318
cat109,BP,1,5.310166845442284e-06,1624.06,1624.06,0.0,188318
cat109,BQ,1067,0.005665948024086917,2415.1294189315836,1974.42,2293.2699999999995,188318
cat109,BR,16,8.496266952707654e-05,1622.345625,1269.065,1519.4,188318
cat109,BS,9,4.779150160898055e-05,1719.5933333333332,2038.62,1237.8199999999997,188318
cat109,BT,2,1.0620333690884567e-05,1211.505,1211.505,361.5350000000001,188318
cat109,BU,3142,0.016684544228379655,2639.220868873329,2054.755,2081.8875,188318
cat109,BV,2,1.0620333690884567e-05,1727.245,1727.245,893.2049999999999,188318
cat109,BX,61,0.0003239201775719793,1518.3565573770493,1276.72,955.1800000000001,188318
cat109,BY,3,1.5930500536326852e-05,1470.3,1288.31,453.91499999999996,188318
cat109,C,39,0.00020709650697224908,4059.7602564102563,3210.76,4485.83,188318
cat109,CA,66,0.00035047101179919073,1931.6733333333334,1794.98,1345.6475000000003,188318
cat109,CB,1,5.310166845442284e-06,2860.23,2860.23,0.0,188318
cat109,CC,43,0.0002283371743540182,2297.1853488372094,1823.98,2308.08,188318
cat109,CD,143,0.0007593538588982466,2009.5355244755247,1643.42,1421.8399999999997,188318
cat109,CE,8,4.248133476353827e-05,1643.81625,1486.1,458.5825,188318
cat109,CF,12,6.372200214530741e-05,2625.8641666666667,2274.0950000000003,2478.6800000000003,188318
cat109,CG,8,4.248133476353827e-05,2676.67625,2525.275,828.3049999999998,188318
cat109,CH,6,3.1861001072653704e-05,1679.6066666666666,1268.3,1066.9375000000002,188318
cat109,CI,109,0.0005788081861532089,1809.510458715596,1525.92,1258.9600000000003,188318
cat109,CJ,8,4.248133476353827e-05,1564.05375,1126.24,968.03,188318
cat109,CK,13,6.903216899074968e-05,972.9530769230769,836.85,467.43999999999994,188318
cat109,CL,178,0.0009452096984887265,4416.924494382023,2621.495,4489.0375,188318
cat109,D,214,0.0011363757049246488,2190.0498130841124,2008.75,1787.1725000000004,188318
cat109,E,17,9.027283637251883e-05,1877.1670588235295,2047.16,2141.27,188318
cat109,F,124,0.0006584606888348432,2864.1808870967743,2566.8,2907.745000000001,188318
cat109,G,1353,0.00718465574188341,2893.4349445676276,2305.31,2737.95,188318
cat109,H,73,0.00038764217971728673,1991.8964383561645,1965.4,1605.5,188318
cat109,I,94,0.0004991556834715746,2149.9256382978724,2122.7250000000004,1486.9075,188318
cat109,J,1,5.310166845442284e-06,2143.75,2143.75,0.0,188318
cat109,K,2999,0.01592519036948141,2313.3989663221073,1816.35,2002.5400000000002,188318
cat109,L,89,0.00047260484924436326,3689.716853932584,3018.58,4032.75,188318
cat109,M,446,0.0023683344130672585,3144.4973766816147,2145.915,3213.1575,188318
cat109,N,461,0.002447986915748893,1833.5566594360087,1625.31,1462.6799999999998,188318
cat109,O,58,0.00030798967703565247,1796.270344827586,1608.8449999999998,1277.3250000000003,188318
cat109,P,8,4.248133476353827e-05,1639.2475,1435.4099999999999,1887.9050000000002,188318
cat109,Q,66,0.00035047101179919073,2270.1943939393936,1861.85,1938.86,188318
cat109,R,149,0.0007912148599709003,3356.6499999999996,2696.88,3534.6799999999994,188318
cat109,S,25,0.0001327541711360571,1862.5783999999999,1426.31,1640.84,188318
cat109,T,59,0.00031329984388109473,1964.4981355932202,1737.66,1237.8,188318
cat109,U,78,0.00041419301394449815,1876.6805128205126,1728.065,1388.23,188318
cat109,V,11,5.8411835299865124e-05,1566.5454545454545,1277.43,950.3899999999999,188318
cat109,X,49,0.0002601981754266719,2759.8004081632653,2284.83,2538.89,188318
cat109,Y,23,0.00012213383744517253,2950.83,3136.1,1534.7749999999996,188318
cat109,ZZ,1,5.310166845442284e-06,796.91,796.91,0.0,188318
cat110,A,1296,0.0068819762316932,2946.2364583333333,2212.3199999999997,2605.6025,188318
cat110,AA,20,0.00010620333690884567,2578.1580000000004,2120.81,2099.9624999999996,188318
cat110,AB,56,0.0002973693433447679,2358.5812499999997,1823.455,2311.87,188318
cat110,AC,2611,0.013864845633449804,3669.9497165836847,2567.85,3412.8899999999994,188318
cat110,AD,626,0.00332416444524687,2060.47214057508,1729.475,1533.2575000000004,188318
cat110,AE,16,8.496266952707654e-05,4646.9825,1809.42,2427.24,188318
cat110,AF,3,1.5930500536326852e-05,1371.0266666666666,1131.85,830.2149999999999,188318
cat110,AG,7,3.7171167918095986e-05,2527.23,2834.62,966.0699999999997,188318
cat110,AH,4,2.1240667381769135e-05,1956.4875,2073.71,497.4675,188318
cat110,AI,2965,0.015744644696736372,2786.2811568296797,2130.15,2657.25,188318
cat110,AJ,14,7.434233583619197e-05,2635.558571428571,2455.09,2015.3874999999998,188318
cat110,AK,336,0.0017842160600686074,2764.5647321428573,1880.52,2525.6224999999995,188318
cat110,AL,121,0.0006425301882985163,1984.5146280991735,1848.45,1320.1599999999999,188318
cat110,AM,643,0.0034144372816193886,2429.6731570762054,1750.99,1635.46,188318
cat110,AN,3,1.5930500536326852e-05,832.54,826.1,555.76,188318
cat110,AO,27,0.00014337450482694166,2112.2385185185185,1535.21,1966.8849999999998,188318
cat110,AP,576,0.0030586561029747553,2668.304322916667,2249.6800000000003,2520.4300000000003,188318
cat110,AR,90,0.0004779150160898055,2671.805,1694.355,3059.4075000000003,188318
cat110,AS,1,5.310166845442284e-06,1467.99,1467.99,0.0,188318
cat110,AT,39,0.00020709650697224908,2536.108205128205,2246.12,1873.3250000000003,188318
cat110,AU,38,0.0002017863401268068,3333.886315789474,1838.4099999999999,3911.0150000000003,188318
cat110,AV,9,4.779150160898055e-05,2351.6944444444443,2761.02,894.6899999999998,188318
cat110,AW,48,0.00025488800858122963,2236.6725,1755.98,1525.5649999999998,188318
cat110,AX,21,0.00011151350375428796,2758.193333333333,2578.01,2175.38,188318
cat110,AY,202,0.0010726537027793413,2869.350297029703,2192.075,2142.8,188318
cat110,B,12,6.372200214530741e-05,1576.5308333333332,1770.0700000000002,1041.3075000000001,188318
cat110,BA,61,0.0003239201775719793,3224.240491803279,2446.4,3559.46,188318
cat110,BB,6,3.1861001072653704e-05,3476.615,2405.11,3363.7925,188318
cat110,BC,4131,0.021936299238522073,2554.9644904381507,1939.76,1983.365,188318
cat110,BD,1,5.310166845442284e-06,1576.5,1576.5,0.0,188318
cat110,BE,15,7.965250268163426e-05,1947.3266666666666,2038.66,1891.6100000000001,188318
cat110,BF,19,0.0001008931700634034,1564.5742105263157,1370.73,850.6099999999999,188318
cat110,BG,146,0.0007752843594345735,1803.6042465753426,1608.135,1496.9775,188318
cat110,BI,1,5.310166845442284e-06,1068.07,1068.07,0.0,188318
cat110,BJ,26,0.00013806433798149937,2204.1711538461536,2317.55,1270.9675000000002,188318
cat110,BK,1,5.310166845442284e-06,2726.89,2726.89,0.0,188318
cat110,BL,18,9.55830032179611e-05,1573.666111111111,1313.615,1033.06,188318
cat110,BM,1,5.310166845442284e-06,2716.54,2716.54,0.0,188318
cat110,BN,2,1.0620333690884567e-05,2185.7,2185.7,190.57000000000016,188318
cat110,BO,38,0.0002017863401268068,1585.6105263157895,1524.3899999999999,1565.48,188318
cat110,BP,2867,0.015224248345883028,2877.9677886292293,2051.7,2372.7349999999997,188318
cat110,BQ,19,0.0001008931700634034,1646.255263157895,1775.74,884.6200000000001,188318
cat110,BR,52,0.00027612867596299873,1523.6153846153845,1336.475,937.5775,188318
cat110,BS,1920,0.010195520343249186,2859.8451770833335,2103.46,2580.8975,188318
cat110,BT,16365,0.08690088042566298,3180.054736327528,2149.62,2884.56,188318
cat110,BU,4,2.1240667381769135e-05,1683.575,1924.44,476.6400000000001,188318
cat110,BV,2,1.0620333690884567e-05,1166.315,1166.315,3.8649999999997817,188318
cat110,BW,21,0.00011151350375428796,1658.6038095238096,1481.7,675.8,188318
cat110,BX,31,0.0001646151722087108,1521.8667741935485,1243.42,622.1099999999999,188318
cat110,BY,8,4.248133476353827e-05,1727.9225000000001,1456.9650000000001,765.8174999999999,188318
cat110,C,2681,0.014236557312630764,2425.9131219694145,1973.47,2117.9300000000003,188318
cat110,CB,1,5.310166845442284e-06,1810.32,1810.32,0.0,188318
cat110,CC,10,5.3101668454422835e-05,1939.309,1897.9850000000001,1092.3699999999997,188318
cat110,CD,8,4.248133476353827e-05,1796.5975,1537.855,1008.19,188318
cat110,CF,35,0.00018585583959047995,2096.978285714286,1849.41,1642.185,188318
cat110,CG,206,0.0010938943701611105,1916.5368446601942,1712.96,1433.9700000000003,188318
cat110,CH,296,0.001571809386250916,2492.004358108108,2076.0249999999996,2437.3975,188318
cat110,CI,1066,0.0056606378572414745,3566.819324577861,2313.1949999999997,3130.0374999999995,188318
cat110,CJ,153,0.0008124555273526695,3206.171633986928,2020.4,2940.15,188318
cat110,CK,26,0.00013806433798149937,1384.965,1233.92,739.9100000000001,188318
cat110,CL,25305,0.13437377202391698,3523.7305382335503,2285.55,3047.0899999999997,188318
cat110,CM,1925,0.010222071177476396,2747.197496103896,2056.02,2477.1,188318
cat110,CN,70,0.0003717116791809599,4063.7395714285717,2534.2799999999997,4129.635,188318
cat110,CO,17495,0.09290136896101275,3117.470019434124,2149.32,2807.795,188318
cat110,CP,27,0.00014337450482694166,2376.678888888889,2128.9,2566.4849999999997,188318
cat110,CQ,3271,0.01736955575144171,3053.205074900642,1991.56,2694.71,188318
cat110,CR,767,0.0040728979704542315,2842.394185136897,1999.57,2500.5,188318
cat110,CS,24592,0.13058762306311664,3024.8991513500328,2056.51,2660.3725000000004,188318
cat110,CT,39,0.00020709650697224908,1999.0771794871794,1668.2,1382.7000000000003,188318
cat110,CU,2,1.0620333690884567e-05,1265.315,1265.315,212.45500000000015,188318
cat110,CV,72,0.0003823320128718444,1747.350138888889,1656.31,1266.5325000000003,188318
cat110,CW,8,4.248133476353827e-05,1455.7450000000001,1387.7849999999999,790.7025,188318
cat110,CX,6,3.1861001072653704e-05,1168.985,1091.48,644.0525000000001,188318
cat110,CY,10,5.3101668454422835e-05,1931.4990000000003,1338.58,517.9525000000001,188318
cat110,D,52,0.00027612867596299873,2034.9055769230768,1804.365,1247.0475,188318
cat110,DA,22,0.00011682367059973025,2406.217727272727,1959.7150000000001,1894.4750000000001,188318
cat110,DB,4,2.1240667381769135e-05,1528.2424999999998,1430.365,620.2224999999999,188318
cat110,DC,29,0.00015399483851782624,2130.081724137931,1481.88,1556.92,188318
cat110,DD,3,1.5930500536326852e-05,1624.5366666666666,2001.22,843.7349999999997,188318
cat110,DE,14,7.434233583619197e-05,1684.2507142857141,1665.4450000000002,538.4474999999998,188318
cat110,DF,20,0.00010620333690884567,2180.564,1700.835,1957.3275,188318
cat110,DG,15,7.965250268163426e-05,2153.5026666666668,2424.33,2044.9700000000003,188318
cat110,DH,120,0.0006372200214530741,3196.9566666666665,2498.3100000000004,3125.3675000000007,188318
cat110,DI,62,0.0003292303444174216,1492.8798387096774,1227.3000000000002,1167.58,188318
cat110,DJ,233,0.0012372688749880522,2672.629184549356,2314.5,2305.71,188318
cat110,DK,1745,0.009266241145296785,2938.1723094555873,2020.68,2659.1400000000003,188318
cat110,DL,395,0.0020975159039497023,2670.2985316455693,1817.66,2360.545,188318
cat110,DM,796,0.004226892808972058,3077.0165452261303,1948.185,2990.7225000000003,188318
cat110,DN,2,1.0620333690884567e-05,1277.435,1277.435,304.2349999999999,188318
cat110,DO,12,6.372200214530741e-05,2071.6141666666667,1411.4,2277.0525,188318
cat110,DP,13,6.903216899074968e-05,1678.3015384615383,1586.76,840.0700000000002,188318
cat110,DQ,17,9.027283637251883e-05,2165.280588235294,2009.88,1646.39,188318
cat110,DR,26,0.00013806433798149937,2283.512307692308,2230.075,2130.4849999999997,188318
cat110,DS,17,9.027283637251883e-05,3654.3841176470587,4000.77,3539.75,188318
cat110,DT,3,1.5930500536326852e-05,1631.18,1905.04,503.3299999999999,188318
cat110,DU,138,0.0007328030246710352,2597.97847826087,2064.2799999999997,1592.4275,188318
cat110,DV,1,5.310166845442284e-06,601.09,601.09,0.0,188318
cat110,DW,3640,0.019329007317409913,2709.7820384615384,2073.17,2275.8325000000004,188318
cat110,DX,3096,0.01644027655348931,2909.06940245478,2083.3900000000003,2620.795,188318
cat110,DY,14,7.434233583619197e-05,4140.4121428571425,2003.8850000000002,3784.1800000000003,188318
cat110,E,175,0.0009292791979523997,2485.3404571428573,2089.18,2045.4199999999998,188318
cat110,EA,181,0.0009611401990250534,3123.9773480662984,2224.66,3114.6099999999997,188318
cat110,EB,21396,0.1136163298250831,2912.5478514675638,2130.495,2614.595,188318
cat110,ED,8,4.248133476353827e-05,1504.3775,1545.705,578.3799999999999,188318
cat110,EE,1185,0.0062925477118491065,3509.414194092827,2275.86,3157.16,188318
cat110,EF,1159,0.006154483373867607,3285.088723037101,2262.15,2873.2700000000004,188318
cat110,EG,24654,0.13091685340753406,3047.407985316784,2159.245,2686.705,188318
cat110,EH,1,5.310166845442284e-06,7020.68,7020.68,0.0,188318
cat110,EI,2,1.0620333690884567e-05,1966.935,1966.935,147.375,188318
cat110,EJ,2,1.0620333690884567e-05,3153.17,3153.17,385.50999999999976,188318
cat110,EK,4,2.1240667381769135e-05,2067.2,1819.955,744.8299999999999,188318
cat110,EL,9236,0.04904470098450493,2676.473775443915,1959.49,2263.395,188318
cat110,EM,176,0.000934589364797842,4427.839375,2621.495,4455.8724999999995,188318
cat110,G,34,0.00018054567274503766,1687.920294117647,1459.46,1422.3574999999998,188318
cat110,H,8,4.248133476353827e-05,1311.545,1263.555,509.52250000000004,188318
cat110,I,236,0.001253199375524379,2810.34,2254.285,2917.7,188318
cat110,J,22,0.00011682367059973025,1932.1531818181816,1597.435,930.5124999999998,188318
cat110,K,20,0.00010620333690884567,1856.3259999999998,1625.1,1388.0475000000001,188318
cat110,L,11,5.8411835299865124e-05,3019.605454545455,2245.11,3493.4500000000007,188318
cat110,N,222,0.001178857039688187,1538.2295045045046,1368.275,1070.065,188318
cat110,O,104,0.0005522573519259975,1370.5470192307694,1229.88,961.8575000000001,188318
cat110,P,15,7.965250268163426e-05,2141.1753333333336,1951.68,1029.4699999999998,188318
cat110,Q,3,1.5930500536326852e-05,4259.833333333333,4821.21,3399.145,188318
cat110,R,20,0.00010620333690884567,3052.4375,2839.865,1230.1825,188318
cat110,S,1,5.310166845442284e-06,1105.51,1105.51,0.0,188318
cat110,T,529,0.002809078261238968,2329.314933837429,1991.78,2033.4299999999998,188318
cat110,U,343,0.0018213872279867034,2235.0475510204083,1837.22,1986.505,188318
cat110,V,1692,0.008984802302488343,2626.0157092198583,2012.0,2614.6875,188318
cat110,W,2703,0.014353380983230492,2970.150318165002,2136.2,2618.1450000000004,188318
cat110,X,66,0.00035047101179919073,3258.7730303030303,2625.0600000000004,2757.1825,188318
cat110,Y,11,5.8411835299865124e-05,2367.635454545454,1789.79,1271.3849999999998,188318
cat111,A,128395,0.681798872120562,2826.826831185015,1974.74,2457.87,188318
cat111,B,7,3.7171167918095986e-05,2578.652857142857,2299.89,2253.2650000000003,188318
cat111,C,32401,0.17205471595917543,3112.7932162587576,2063.98,2718.62,188318
cat111,D,3,1.5930500536326852e-05,4634.71,1786.1,5316.405000000001,188318
cat111,E,14682,0.0779638696247836,3487.3093052717613,2512.755,2853.9400000000005,188318
cat111,F,3,1.5930500536326852e-05,3365.9233333333336,3425.22,1757.5649999999996,188318
cat111,G,7039,0.03737826442506824,4014.2854823128287,3056.19,3218.7650000000003,188318
cat111,I,3578,0.01899977697299249,4538.145086640581,3612.685,3659.6575,188318
cat111,K,1353,0.00718465574188341,5175.607575757575,4239.77,3721.4500000000003,188318
cat111,M,473,0.0025117089178942004,6090.626152219873,4950.27,3949.89,188318
cat111,O,221,0.0011735468728427446,6091.21592760181,4989.28,4287.299999999999,188318
cat111,Q,91,0.00048322518293524784,6552.888901098901,5631.94,4557.71,188318
cat111,S,38,0.0002017863401268068,7827.693421052631,5441.915,6029.857500000001,188318
cat111,U,16,8.496266952707654e-05,9587.939375,8083.0599999999995,7933.952499999999,188318
cat111,W,16,8.496266952707654e-05,9498.15375,6622.725,9763.165,188318
cat111,Y,2,1.0620333690884567e-05,5891.655000000001,5891.655000000001,3676.455000000001,188318
cat112,A,2411,0.012802812264361346,2803.3353878058897,1997.66,2294.44,188318
cat112,AA,1241,0.0065899170551938745,2787.083883964545,2073.04,2240.8599999999997,188318
cat112,AB,246,0.0013063010439788019,3233.393577235772,2319.27,2791.0225,188318
cat112,AC,454,0.002410815747830797,2768.016762114538,1966.71,2420.05,188318
cat112,AD,1531,0.008129865440372136,3292.1655127367735,2261.3,2881.6650000000004,188318
cat112,AE,834,0.004428679149098865,2428.361139088729,1670.695,1858.5000000000002,188318
cat112,AF,9368,0.049745643008103316,3426.8236016225446,2489.465,2972.8650000000002,188318
cat112,AG,1331,0.00706783207128368,2963.763193087904,2130.44,2589.8950000000004,188318
cat112,AH,18639,0.09897619983219873,3476.60654219647,2553.71,3104.535,188318
cat112,AI,4749,0.025217982349005404,2378.319208254369,1618.94,1937.3999999999996,188318
cat112,AJ,144,0.0007646640257436888,3191.479861111111,2312.635,2576.4624999999996,188318
cat112,AK,6726,0.0357161822024448,2636.81151798989,1865.1999999999998,2219.7974999999997,188318
cat112,AL,1130,0.006000488535349781,3185.889725663717,2375.2,2812.36,188318
cat112,AM,1170,0.006212895209167472,2676.2884444444444,1887.795,2129.885,188318
cat112,AN,9138,0.04852430463365159,3111.434439702342,2175.675,2723.3525,188318
cat112,AO,534,0.0028356290954661793,3215.660992509363,2564.42,2877.1575000000003,188318
cat112,AP,4000,0.021240667381769135,2301.9110425,1546.865,1822.0975,188318
cat112,AQ,30,0.00015930500536326853,2735.1536666666666,2187.4449999999997,1795.52,188318
cat112,AR,2365,0.012558544589471001,2784.8585835095137,1941.63,2176.8,188318
cat112,AS,17669,0.09382533799211971,3409.983391816175,2453.19,2951.13,188318
cat112,AT,1272,0.006754532227402585,3056.9869182389934,2165.0699999999997,2587.92,188318
cat112,AU,434,0.002304612410921951,2572.4665898617513,1701.59,2391.375,188318
cat112,AV,7122,0.037819008273239946,2380.850900028082,1596.855,2112.6775,188318
cat112,AW,3145,0.016700474728915983,2856.063923688394,1983.26,2239.96,188318
cat112,AX,1074,0.005703119192005013,2942.7488919925513,2028.045,2542.1074999999996,188318
cat112,AY,1414,0.007508575919455389,2787.4676661951908,2060.165,2277.8975,188318
cat112,B,423,0.002246200575622086,3192.5594089834512,2377.39,2649.985,188318
cat112,BA,190,0.0010089317006340339,3124.5713684210527,2436.94,2723.9375,188318
cat112,C,2257,0.011985046570163235,3250.37447939743,2183.24,2895.3799999999997,188318
cat112,D,1645,0.008735224460752557,2858.5309240121583,2064.5,2521.7400000000002,188318
cat112,E,25148,0.13354007582918256,3208.4092802608557,2180.865,2802.0650000000005,188318
cat112,F,3149,0.016721715396297753,2949.4149761829153,2098.66,2526.4399999999996,188318
cat112,G,3168,0.016822608566361155,3250.2314551767677,2395.43,2815.4375,188318
cat112,H,548,0.0029099714313023713,2852.9845437956205,2022.665,2425.805,188318
cat112,I,940,0.0049915568347157465,2470.653468085106,1677.72,2061.4849999999997,188318
cat112,J,16222,0.08614152656676473,2832.797108248058,1882.755,2468.1375,188318
cat112,K,6059,0.032174300916534795,3277.2317643175443,2339.21,2839.7299999999996,188318
cat112,L,493,0.002617912254803046,3060.4665720081134,2319.1,2744.4500000000007,188318
cat112,M,439,0.0023311632451491625,2816.543667425968,2118.86,2190.045,188318
cat112,N,8453,0.04488684034452362,3043.5846279427424,2138.78,2583.75,188318
cat112,O,2183,0.011592094223600505,2727.8247869903803,1978.33,2283.69,188318
cat112,P,406,0.002155927739249567,2932.139581280788,1978.875,2565.495,188318
cat112,Q,793,0.004210962308435731,2843.7460151324085,1980.88,2259.94,188318
cat112,R,1123,0.005963317367431685,2919.011513802315,2097.06,2427.915,188318
cat112,S,4201,0.022308010917703035,3119.163334920257,2189.05,2667.0699999999997,188318
cat112,T,521,0.00276659692647543,2562.0407869481764,1898.01,2117.0200000000004,188318
cat112,U,8356,0.044371754160515725,2594.619455481092,1726.35,2308.6475,188318
cat112,V,693,0.0036799456238915027,2969.9688888888886,2341.72,2623.56,188318
cat112,W,461,0.002447986915748893,3350.8115835140998,2464.66,2681.5,188318
cat112,X,925,0.004911904332034113,2816.7135783783783,1942.62,2225.0199999999995,188318
cat112,Y,1351,0.007174035408192525,2837.032427831236,2066.76,2313.3299999999995,188318
cat113,A,3269,0.017358935417750826,3267.95858060569,2236.9,2956.13,188318
cat113,AB,18,9.55830032179611e-05,1035.7033333333334,934.1,671.905,188318
cat113,AC,1,5.310166845442284e-06,1594.78,1594.78,0.0,188318
cat113,AD,4419,0.023465627290009453,3065.506100927812,2191.53,2453.11,188318
cat113,AE,22030,0.1169829756050935,2907.740038129823,2045.145,2650.265,188318
cat113,AF,6079,0.03228050425344364,2942.861834183254,2144.61,2780.2899999999995,188318
cat113,AG,2415,0.012824052931743116,3814.935817805383,2514.82,3683.5249999999996,188318
cat113,AH,209,0.0011098248706974373,2144.7585645933013,1879.13,1587.19,188318
cat113,AI,440,0.002336473411994605,3903.6272272727274,2441.035,3321.4175000000005,188318
cat113,AJ,4425,0.023497488291082107,2923.3138056497173,2111.84,2597.7200000000003,188318
cat113,AK,3520,0.01869178729595684,2872.2603551136363,2101.635,2642.775,188318
cat113,AL,3,1.5930500536326852e-05,13411.536666666667,2524.74,18312.124999999996,188318
cat113,AM,450,0.0023895750804490278,4116.1719111111115,2512.73,3520.9725,188318
cat113,AN,5214,0.027687209932136067,3469.9800632911392,2225.63,3050.5149999999994,188318
cat113,AO,1628,0.008644951624380039,3094.4798157248156,2104.255,2739.3525,188318
cat113,AP,6,3.1861001072653704e-05,7758.738333333334,6744.45,6230.545,188318
cat113,AQ,17,9.027283637251883e-05,10177.875294117648,8767.18,10173.75,188318
cat113,AR,1,5.310166845442284e-06,2622.55,2622.55,0.0,188318
cat113,AS,3901,0.020714960864070348,3120.5703845167905,2171.51,2938.5700000000006,188318
cat113,AT,4664,0.02476661816714281,4359.476989708404,2791.375,3840.2225000000008,188318
cat113,AU,1630,0.008655571958070922,2600.4889386503064,1922.8200000000002,2168.7850000000003,188318
cat113,AV,528,0.002803768094393526,3817.1173863636363,2692.0249999999996,3338.4975000000004,188318
cat113,AW,1825,0.009691054492932168,2738.654202739726,1959.26,2386.5,188318
cat113,AX,12661,0.06723202243014476,3095.9888602795986,2170.08,2867.82,188318
cat113,AY,466,0.0024745377499761044,1766.7560300429186,1477.205,1371.9450000000002,188318
cat113,B,1,5.310166845442284e-06,4361.04,4361.04,0.0,188318
cat113,BA,42,0.00022302700750857592,1658.692619047619,1364.47,1019.9624999999999,188318
cat113,BB,53,0.00028143884280844105,1425.0205660377358,1324.39,750.03,188318
cat113,BC,2793,0.014831295999320298,2717.8966201217327,2046.51,2354.09,188318
cat113,BD,337,0.0017895262269140497,5360.863234421365,3165.86,4088.44,188318
cat113,BE,3,1.5930500536326852e-05,36664.12333333333,38504.79,18446.6,188318
cat113,BF,347,0.0018426278953684724,2976.068645533141,2135.24,2634.25,188318
cat113,BG,1804,0.00957954098917788,2671.877433481153,2062.5,2284.91,188318
cat113,BH,1221,0.006483713718285028,3208.715765765766,2478.25,3101.7800000000007,188318
cat113,BI,32,0.00016992533905415308,3546.8984375,2844.31,2778.42,188318
cat113,BJ,2605,0.013832984632377148,3076.101190019194,2164.85,2816.91,188318
cat113,BK,693,0.0036799456238915027,2972.4851803751803,2356.56,2595.83,188318
cat113,BL,3,1.5930500536326852e-05,6310.173333333333,7118.71,1608.7749999999996,188318
cat113,BM,26191,0.13907857984897887,2874.4716967660643,2029.09,2607.67,188318
cat113,BN,3486,0.018511241623211803,3300.1457974756167,2434.105,2892.4974999999995,188318
cat113,BO,1413,0.007503265752609947,3156.226857749469,2270.92,2649.46,188318
cat113,C,143,0.0007593538588982466,4310.1658041958035,3160.92,4190.225,188318
cat113,E,7,3.7171167918095986e-05,24281.04857142857,12942.39,31325.535000000003,188318
cat113,F,1463,0.007768774094882061,4289.362775119617,2803.5,3749.715,188318
cat113,G,18,9.55830032179611e-05,20191.35722222222,9649.11,13421.067500000001,188318
cat113,H,5094,0.027049989910682994,4008.1898351001178,2476.3450000000003,3772.295,188318
cat113,I,3279,0.01741203708620525,2454.81713937176,1767.75,1986.2399999999998,188318
cat113,J,3105,0.016488068055098292,3093.8872528180354,2104.42,2575.74,188318
cat113,K,7738,0.041090071050032394,2767.2489286637374,2037.71,2378.4325,188318
cat113,L,13058,0.06934015866778534,2917.420246592127,2109.4399999999996,2350.7825000000003,188318
cat113,M,2485,0.013195764610924076,2459.8116941649896,1722.22,1989.6600000000003,188318
cat113,N,2839,0.015075563674210644,2495.433744276154,1913.4,2091.82,188318
cat113,O,10,5.3101668454422835e-05,1596.186,1339.865,935.7599999999998,188318
cat113,P,1,5.310166845442284e-06,2029.8,2029.8,0.0,188318
cat113,Q,2784,0.014783504497711318,2954.2613685344827,2090.105,2720.7275000000004,188318
cat113,S,7033,0.03734640342399558,2744.9109242144177,2000.62,2206.16,188318
cat113,T,2,1.0620333690884567e-05,2554.83,2554.83,819.6700000000001,188318
cat113,U,11,5.8411835299865124e-05,36429.88,17556.73,33245.240000000005,188318
cat113,V,15,7.965250268163426e-05,3857.2833333333333,3758.82,2129.21,188318
cat113,X,7016,0.03725613058762306,2987.1152822120866,2104.51,2731.835,188318
cat113,Y,11374,0.06039783770006053,3014.1131176367153,2129.52,2606.3624999999997,188318
cat114,A,131693,0.6993118023768307,3259.916396087871,2341.86,2807.66,188318
cat114,B,6,3.1861001072653704e-05,1649.39,1231.48,1702.325,188318
cat114,C,16793,0.08917363183551227,2070.5943863514563,1320.86,1564.5500000000002,188318
cat114,D,5,2.6550834227211417e-05,1782.4119999999998,1334.31,1211.79,188318
cat114,E,16475,0.08748499877866163,2088.414701669196,1308.6,1614.7100000000003,188318
cat114,F,7905,0.041976868913221256,2614.4474003795067,1845.34,2008.91,188318
cat114,G,1,5.310166845442284e-06,3425.22,3425.22,0.0,188318
cat114,I,2432,0.012914325768115634,3541.981097861842,2726.1549999999997,2895.3574999999996,188318
cat114,J,8199,0.043538057965781286,2719.6064166361753,1930.78,2107.3050000000003,188318
cat114,L,870,0.004619845155534787,4951.500689655172,4130.665,4224.2575,188318
cat114,N,2455,0.013036459605560807,3632.444688391039,2815.23,2895.2899999999995,188318
cat114,O,240,0.0012744400429061482,6021.068833333334,4905.6849999999995,4946.6025,188318
cat114,Q,43,0.0002283371743540182,7949.2044186046505,7325.0,5364.994999999999,188318
cat114,R,912,0.0048428721630433625,5435.395460526316,4546.98,4510.7699999999995,188318
cat114,S,4,2.1240667381769135e-05,7200.9075,6780.215,2954.727499999999,188318
cat114,U,250,0.001327541711360571,6385.0257599999995,5480.139999999999,5165.957499999999,188318
cat114,V,33,0.00017523550589959537,8858.997272727273,8111.18,4567.24,188318
cat114,W,1,5.310166845442284e-06,2641.76,2641.76,0.0,188318
cat114,X,1,5.310166845442284e-06,8014.22,8014.22,0.0,188318
cat115,A,75,0.00039826251340817126,3259.5108,2003.69,2515.4,188318
cat115,B,2,1.0620333690884567e-05,19845.899999999998,19845.899999999998,17321.159999999996,188318
cat115,C,1,5.310166845442284e-06,542.81,542.81,0.0,188318
cat115,D,4,2.1240667381769135e-05,17578.39,7316.695,12068.455,188318
cat115,E,11,5.8411835299865124e-05,29163.914545454547,14163.63,19170.034999999996,188318
cat115,F,269,0.0014284348814239743,5235.4926022304835,3263.84,5190.96,188318
cat115,G,315,0.0016727025563143194,4106.091396825397,2293.08,3633.3699999999994,188318
cat115,H,2793,0.014831295999320298,3336.945456498389,2129.61,2656.5099999999998,188318
cat115,I,7090,0.03764908293418579,2991.019256699577,2021.9099999999999,2464.4825,188318
cat115,J,23895,0.12688643677184336,3140.750020087885,2090.8,2690.05,188318
cat115,K,43866,0.23293577884217123,3016.756871836958,2099.2650000000003,2777.7675,188318
cat115,L,16125,0.08562644038275682,3054.0952074418606,2245.26,2781.92,188318
cat115,M,12444,0.06607971622468378,2978.0426607200257,2150.4,2716.7975000000006,188318
cat115,N,22438,0.11914952367803397,3017.6715848114804,2087.77,2598.4849999999997,188318
cat115,O,26813,0.14238150362684396,2948.5254413903704,2076.66,2504.92,188318
cat115,P,21538,0.11437037351713591,3025.4223655864052,2116.485,2544.4800000000005,188318
cat115,Q,8258,0.04385135780966238,3091.162018648583,2219.725,2710.5724999999998,188318
cat115,R,2038,0.010822120031011375,2904.8017320902845,2176.795,2443.5600000000004,188318
cat115,S,250,0.001327541711360571,2852.30732,1978.005,2208.0,188318
cat115,T,56,0.0002973693433447679,3454.972142857143,3009.115,2913.9825,188318
cat115,U,26,0.00013806433798149937,3009.0223076923075,2129.27,3208.9325,188318
cat115,W,6,3.1861001072653704e-05,2708.9733333333334,2178.4049999999997,1433.755,188318
cat115,X,5,2.6550834227211417e-05,3063.068,3061.6,1065.0700000000002,188318
cat116,AA,4,2.1240667381769135e-05,10448.735,10712.380000000001,4933.914999999999,188318
cat116,AB,2,1.0620333690884567e-05,1159.305,1159.305,362.3950000000001,188318
cat116,AC,85,0.0004513641818625941,3832.058588235294,2634.34,3566.04,188318
cat116,AD,1,5.310166845442284e-06,1624.82,1624.82,0.0,188318
cat116,AE,1,5.310166845442284e-06,509.85,509.85,0.0,188318
cat116,AF,32,0.00016992533905415308,3546.8984375,2844.31,2778.42,188318
cat116,AG,6,3.1861001072653704e-05,2674.1716666666666,2321.55,1549.1050000000002,188318
cat116,AH,1,5.310166845442284e-06,683.04,683.04,0.0,188318
cat116,AJ,35,0.00018585583959047995,1278.8619999999999,1114.65,872.5749999999999,188318
cat116,AK,6,3.1861001072653704e-05,2021.0933333333332,2227.43,1370.58,188318
cat116,AL,6,3.1861001072653704e-05,1026.8216666666667,808.38,957.4799999999999,188318
cat116,AM,1,5.310166845442284e-06,820.48,820.48,0.0,188318
cat116,AN,1,5.310166845442284e-06,1159.4,1159.4,0.0,188318
cat116,AO,40,0.00021240667381769134,2133.4674999999997,1773.9099999999999,1135.185,188318
cat116,AP,1,5.310166845442284e-06,1753.45,1753.45,0.0,188318
cat116,AR,1,5.310166845442284e-06,4361.04,4361.04,0.0,188318
cat116,AS,1,5.310166845442284e-06,1663.91,1663.91,0.0,188318
cat116,AT,1,5.310166845442284e-06,2287.78,2287.78,0.0,188318
cat116,AU,2,1.0620333690884567e-05,1417.245,1417.245,791.935,188318
cat116,AV,3,1.5930500536326852e-05,955.6933333333333,889.67,171.31500000000005,188318
cat116,AW,20,0.00010620333690884567,1237.2285,1159.9650000000001,686.8650000000001,188318
cat116,AX,11,5.8411835299865124e-05,2745.6627272727274,2995.89,2212.3,188318
cat116,AY,2,1.0620333690884567e-05,1393.195,1393.195,1020.1749999999998,188318
cat116,B,14,7.434233583619197e-05,3497.367142857143,2801.815,2970.5775,188318
cat116,BA,10,5.3101668454422835e-05,1432.438,1542.345,634.8400000000001,188318
cat116,BB,1,5.310166845442284e-06,930.29,930.29,0.0,188318
cat116,BC,1,5.310166845442284e-06,278.49,278.49,0.0,188318
cat116,BD,290,0.0015399483851782623,1916.352655172414,1539.33,1555.1974999999998,188318
cat116,BF,1,5.310166845442284e-06,3259.13,3259.13,0.0,188318
cat116,BG,1,5.310166845442284e-06,969.6,969.6,0.0,188318
cat116,BI,1,5.310166845442284e-06,559.61,559.61,0.0,188318
cat116,BK,10,5.3101668454422835e-05,1003.818,984.42,496.9675,188318
cat116,BL,1,5.310166845442284e-06,1988.71,1988.71,0.0,188318
cat116,BM,2,1.0620333690884567e-05,1065.275,1065.275,348.04499999999985,188318
cat116,BO,101,0.0005363268513896706,3080.0196039603957,2475.9,2420.4500000000003,188318
cat116,BP,279,0.0014815365498783973,3422.5662365591397,2281.6,3027.6849999999995,188318
cat116,BQ,7,3.7171167918095986e-05,4155.984285714286,3983.49,1971.3850000000002,188318
cat116,BS,19,0.0001008931700634034,2870.568947368421,2310.53,2581.1800000000003,188318
cat116,BT,3,1.5930500536326852e-05,2225.616666666667,1635.24,1292.9750000000004,188318
cat116,BU,8,4.248133476353827e-05,1971.195,816.12,1820.11,188318
cat116,BV,290,0.0015399483851782623,3000.175724137931,1939.33,2810.405,188318
cat116,BW,14,7.434233583619197e-05,4061.414285714286,3925.23,1974.3849999999998,188318
cat116,BX,312,0.0016567720557779926,3063.1441346153847,1956.2199999999998,2973.455,188318
cat116,BY,1620,0.0086024702896165,2942.4094444444445,2163.015,2776.4475,188318
cat116,C,1,5.310166845442284e-06,2397.07,2397.07,0.0,188318
cat116,CA,21,0.00011151350375428796,3320.04,3202.15,2732.41,188318
cat116,CB,1909,0.01013710850794932,2653.2561655316917,2004.91,2357.71,188318
cat116,CC,2,1.0620333690884567e-05,1559.815,1559.815,889.845,188318
cat116,CD,300,0.001593050053632685,3117.1381666666666,2468.4049999999997,2842.0175,188318
cat116,CE,16,8.496266952707654e-05,3985.6475,3607.55,4714.112500000001,188318
cat116,CF,87,0.0004619845155534787,3260.2527586206897,2852.45,3067.920000000001,188318
cat116,CG,238,0.0012638197092152636,4166.680462184874,2692.37,4095.6499999999996,188318
cat116,CH,35,0.00018585583959047995,1268.662,1202.25,729.5700000000002,188318
cat116,CI,1314,0.006977559234911161,2473.2061415525113,2099.365,2323.74,188318
cat116,CJ,2,1.0620333690884567e-05,1657.01,1657.01,224.96000000000004,188318
cat116,CK,10162,0.05396191548338449,3037.328947057666,2211.585,2945.3325000000004,188318
cat116,CL,5,2.6550834227211417e-05,4231.782,4933.15,5328.07,188318
cat116,CM,51,0.00027081850911755647,1405.5362745098041,1238.58,1026.53,188318
cat116,CN,198,0.0010514130353975722,2850.6764141414146,1875.18,2930.4525,188318
cat116,CO,245,0.0013009908771333596,3381.434775510204,2490.24,3292.76,188318
cat116,CP,343,0.0018213872279867034,1712.0656559766765,1492.03,1318.9600000000003,188318
cat116,CQ,33,0.00017523550589959537,3622.1281818181815,2543.93,3780.1800000000003,188318
cat116,CR,6862,0.03643836489342495,2967.1341241620516,2240.6549999999997,2711.1425,188318
cat116,CS,934,0.004959695833643093,2969.327633832976,2272.375,2883.2275,188318
cat116,CT,113,0.0006000488535349781,3283.8374336283186,2912.43,3513.71,188318
cat116,CU,438,0.0023258530783037204,2905.445205479452,2439.2799999999997,2963.0575,188318
cat116,CV,20,0.00010620333690884567,4013.532,2974.42,3023.9024999999997,188318
cat116,CW,699,0.003711806624964156,4431.514878397711,2994.47,4482.639999999999,188318
cat116,CX,17,9.027283637251883e-05,2828.1311764705883,1321.47,2051.52,188318
cat116,CY,3,1.5930500536326852e-05,3076.3799999999997,2083.64,1514.5500000000002,188318
cat116,D,2,1.0620333690884567e-05,2603.325,2603.325,41.60499999999956,188318
cat116,DA,43,0.0002283371743540182,1505.6816279069767,1387.22,943.885,188318
cat116,DC,4557,0.024198430314680486,2499.71294711433,2001.8,2078.69,188318
cat116,DD,237,0.0012585095423698213,2599.3138818565403,2035.48,2385.3,188318
cat116,DE,7,3.7171167918095986e-05,2322.8514285714286,2258.37,864.53,188318
cat116,DF,2519,0.013376310283669113,2804.968626439063,2096.85,2662.585,188318
cat116,DG,27,0.00014337450482694166,3536.9851851851854,3024.47,3036.644999999999,188318
cat116,DH,454,0.002410815747830797,3346.118832599119,2189.84,2836.1225,188318
cat116,DI,448,0.002378954746758143,2295.5120982142857,1941.545,2194.17,188318
cat116,DJ,20244,0.1074990176191336,2911.9006871171705,2032.92,2726.315,188318
cat116,DK,684,0.003632154122282522,3145.5208333333335,2084.935,3087.1399999999994,188318
cat116,DL,51,0.00027081850911755647,3313.4205882352944,1830.23,2833.835,188318
cat116,DM,33,0.00017523550589959537,2351.268181818182,1684.81,2312.62,188318
cat116,DN,174,0.0009239690311069574,2607.6583908045977,1884.665,2131.305,188318
cat116,DO,7,3.7171167918095986e-05,1469.652857142857,1285.48,501.49,188318
cat116,DP,9202,0.048864155311759895,3107.6975168441645,2087.0550000000003,2927.34,188318
cat116,DQ,1,5.310166845442284e-06,1924.8,1924.8,0.0,188318
cat116,DR,8,4.248133476353827e-05,3070.845,1867.1,3182.0249999999996,188318
cat116,DS,553,0.002936522265529583,3023.1155153707055,2127.31,2691.7299999999996,188318
cat116,DT,54,0.0002867490096538833,2540.790740740741,2007.15,2148.8824999999997,188318
cat116,DU,100,0.0005310166845442284,3828.2608,2335.66,4012.3449999999993,188318
cat116,DV,3,1.5930500536326852e-05,6115.8966666666665,1357.36,8025.725,188318
cat116,DW,103,0.0005469471850805553,3539.0051456310684,2736.83,2399.65,188318
cat116,DX,73,0.00038764217971728673,2731.511506849315,2131.31,2559.7400000000002,188318
cat116,DY,1,5.310166845442284e-06,1291.81,1291.81,0.0,188318
cat116,E,77,0.00040888284709905584,2790.546233766234,2321.15,2363.89,188318
cat116,EA,357,0.0018957295638228954,2801.249495798319,2258.59,2453.6900000000005,188318
cat116,EB,39,0.00020709650697224908,4506.566923076924,2108.65,3248.945,188318
cat116,EC,708,0.003759598126573137,3634.3266242937852,2630.545,3217.085,188318
cat116,ED,145,0.0007699741925891312,3905.7020689655174,2939.37,2873.89,188318
cat116,EE,210,0.0011151350375428796,3092.427714285714,2202.495,2777.8650000000002,188318
cat116,EF,62,0.0003292303444174216,2689.02,1954.045,2185.6575000000003,188318
cat116,EG,66,0.00035047101179919073,2607.5039393939396,2516.825,1909.0825,188318
cat116,EH,77,0.00040888284709905584,3152.5950649350652,2599.38,3037.7299999999996,188318
cat116,EI,250,0.001327541711360571,4139.371,2778.1099999999997,3871.2975,188318
cat116,EJ,11,5.8411835299865124e-05,3673.2099999999996,1847.95,1840.5549999999998,188318
cat116,EK,639,0.0033931966142376193,3108.070532081377,2147.01,3093.2049999999995,188318
cat116,EL,445,0.0023630242462218164,3212.115775280899,1939.05,2579.59,188318
cat116,EN,84,0.00044605401501715184,3425.9538095238095,2238.375,3640.89,188318
cat116,EO,438,0.0023258530783037204,3111.0346347031964,1984.5349999999999,2806.735,188318
cat116,EP,208,0.001104514703851995,3836.746009615385,2388.8500000000004,3271.475,188318
cat116,EQ,1,5.310166845442284e-06,3374.5,3374.5,0.0,188318
cat116,ES,80,0.0004248133476353827,5097.02125,3562.31,4606.7074999999995,188318
cat116,EU,3,1.5930500536326852e-05,2696.9066666666663,3240.22,1477.6599999999999,188318
cat116,EV,1,5.310166845442284e-06,4541.61,4541.61,0.0,188318
cat116,EW,6,3.1861001072653704e-05,3527.84,3194.6800000000003,2561.2725000000005,188318
cat116,EY,239,0.0012691298760607059,2761.427991631799,1960.67,2079.485,188318
cat116,F,6,3.1861001072653704e-05,5347.886666666666,3706.4,2220.0425000000005,188318
cat116,FA,54,0.0002867490096538833,3562.947962962963,2580.175,3261.3424999999997,188318
cat116,FB,619,0.003286993277328774,3422.09366720517,2604.03,3178.23,188318
cat116,FC,502,0.0026657037564120265,3711.3027689243027,2569.6400000000003,3528.105,188318
cat116,FD,284,0.0015080873841056086,3379.340176056338,2740.62,2854.6875,188318
cat116,FE,171,0.0009080385305706305,3912.528713450293,2906.84,3131.6049999999996,188318
cat116,FF,34,0.00018054567274503766,2546.054411764706,1969.77,3103.185,188318
cat116,FG,125,0.0006637708556802855,2566.91008,2114.8,1979.2800000000002,188318
cat116,FH,479,0.002543569918966854,3309.2537995824637,2425.24,3232.6849999999995,188318
cat116,FI,1,5.310166845442284e-06,2029.8,2029.8,0.0,188318
cat116,FJ,2,1.0620333690884567e-05,825.205,825.205,280.97500000000014,188318
cat116,FK,2,1.0620333690884567e-05,512.085,512.085,72.57499999999993,188318
cat116,FL,3,1.5930500536326852e-05,1706.33,1943.92,529.595,188318
cat116,FM,1,5.310166845442284e-06,1500.32,1500.32,0.0,188318
cat116,FN,1,5.310166845442284e-06,2533.23,2533.23,0.0,188318
cat116,FO,1,5.310166845442284e-06,1698.74,1698.74,0.0,188318
cat116,FP,1,5.310166845442284e-06,6350.52,6350.52,0.0,188318
cat116,FQ,1,5.310166845442284e-06,1631.0,1631.0,0.0,188318
cat116,FR,789,0.004189721641053962,2546.3496577946767,2071.28,2168.6499999999996,188318
cat116,FS,1,5.310166845442284e-06,2236.05,2236.05,0.0,188318
cat116,FT,340,0.0018054567274503764,2176.0089411764707,1841.16,1903.545,188318
cat116,FU,17,9.027283637251883e-05,1384.784117647059,820.88,988.07,188318
cat116,FV,7,3.7171167918095986e-05,2439.0085714285715,2173.1,1909.4300000000003,188318
cat116,FW,15,7.965250268163426e-05,4956.938,3391.47,4652.025,188318
cat116,FX,149,0.0007912148599709003,4891.5011409395975,3066.98,4149.13,188318
cat116,G,1,5.310166845442284e-06,2938.58,2938.58,0.0,188318
cat116,GA,495,0.0026285325884939305,3437.5100404040404,2543.17,2877.005,188318
cat116,GB,241,0.0012797502097515903,4188.109460580913,2641.76,2754.3500000000004,188318
cat116,GC,3803,0.020194564513217005,2676.022987115435,1942.01,2413.22,188318
cat116,GD,5,2.6550834227211417e-05,988.3860000000001,973.36,115.58999999999992,188318
cat116,GE,1399,0.007428923416773755,2798.884388849178,2052.53,2382.0350000000003,188318
cat116,GF,24,0.00012744400429061481,1917.5,1442.585,2009.9024999999997,188318
cat116,GG,10,5.3101668454422835e-05,1025.8049999999998,836.2950000000001,624.2875,188318
cat116,GH,18,9.55830032179611e-05,3686.201666666667,2228.005,5195.3675,188318
cat116,GI,1835,0.00974415616138659,3211.6864632152588,2161.83,2746.205,188318
cat116,GJ,124,0.0006584606888348432,4291.897419354839,3206.765,4793.2975,188318
cat116,GK,2632,0.01397635913720409,2695.767963525836,2050.455,2390.2825000000003,188318
cat116,GL,151,0.0008018351936617848,2859.5750993377487,2061.3,2667.0899999999997,188318
cat116,GM,70,0.0003717116791809599,3253.829,2409.58,2314.735,188318
cat116,GN,536,0.002846249429157064,2631.0735074626864,2090.695,2243.1800000000003,188318
cat116,GO,28,0.00014868467167238395,2106.7039285714286,1862.08,1540.2424999999998,188318
cat116,GP,21,0.00011151350375428796,3514.6880952380952,2222.9,2211.5,188318
cat116,GQ,3,1.5930500536326852e-05,4136.1033333333335,1333.65,4376.299999999999,188318
cat116,GR,70,0.0003717116791809599,2440.7067142857145,2030.535,2227.6724999999997,188318
cat116,GS,8736,0.046389617561783794,3071.702022664835,2123.7200000000003,2734.1625000000004,188318
cat116,GT,403,0.0021399972387132404,2496.456401985112,1850.35,2088.7999999999997,188318
cat116,GU,591,0.00313830860565639,4757.071133671743,3134.55,4344.209999999999,188318
cat116,GV,55,0.00029205917649932563,3085.761090909091,1693.93,2684.415,188318
cat116,GW,84,0.00044605401501715184,6464.232857142858,2932.865,5498.1224999999995,188318
cat116,GX,595,0.0031595492730381587,4844.316739495798,2644.17,4731.555,188318
cat116,GY,10,5.3101668454422835e-05,2402.06,2190.7799999999997,845.3474999999999,188318
cat116,H,19,0.0001008931700634034,8076.8431578947375,4951.04,7262.514999999999,188318
cat116,HA,975,0.0051774126743062265,1995.420482051282,1711.09,1431.3000000000002,188318
cat116,HB,2007,0.010657504858802664,3175.7124464374688,2201.66,2853.885,188318
cat116,HC,810,0.00430123514480825,3017.9719506172837,2257.5,2449.755,188318
cat116,HD,18,9.55830032179611e-05,4706.258333333334,3270.82,2226.7349999999997,188318
cat116,HE,3,1.5930500536326852e-05,6682.483333333333,1975.81,7450.029999999998,188318
cat116,HF,35,0.00018585583959047995,3712.380857142857,2535.98,2681.1349999999998,188318
cat116,HG,4414,0.02343907645578224,2709.4646624376983,1955.3899999999999,2331.9474999999998,188318
cat116,HH,597,0.0031701696067290433,2037.0717755443889,1681.95,1666.7800000000002,188318
cat116,HI,37,0.0001964761732813645,3094.595135135135,3087.06,2723.91,188318
cat116,HJ,2741,0.0145551673233573,2637.2112623130247,2027.46,2125.37,188318
cat116,HK,21061,0.11183742393185994,3125.6688960638144,2110.69,2821.88,188318
cat116,HL,607,0.003223271275183466,2505.687677100494,1868.85,2226.3949999999995,188318
cat116,HM,764,0.004056967469917905,2641.5242670157068,1963.03,2498.6725000000006,188318
cat116,HN,1302,0.006913837232765853,4679.315829493087,2977.29,4176.537499999999,188318
cat116,HO,1,5.310166845442284e-06,19096.78,19096.78,0.0,188318
cat116,HP,136,0.0007221826909801506,3854.7555147058824,2155.2799999999997,2635.5775,188318
cat116,HQ,4044,0.021474314722968596,3297.234396636993,2135.5950000000003,2889.3399999999997,188318
cat116,HR,77,0.00040888284709905584,3890.0715584415584,1970.9,3750.5299999999997,188318
cat116,HT,9,4.779150160898055e-05,5656.985555555556,3521.03,4290.120000000001,188318
cat116,HU,1,5.310166845442284e-06,22354.19,22354.19,0.0,188318
cat116,HV,3853,0.02046007285548912,3377.369356345705,2311.88,2946.38,188318
cat116,HW,118,0.0006265996877621895,2476.6386440677966,1698.915,1796.0475,188318
cat116,HX,5629,0.029890929172994615,2472.334261858234,1788.67,2009.24,188318
cat116,HY,195,0.0010354825348612453,2385.6506153846153,1827.33,1879.4300000000003,188318
cat116,I,3,1.5930500536326852e-05,4172.056666666666,3393.62,3562.3250000000007,188318
cat116,IA,3,1.5930500536326852e-05,8512.18,4588.76,6838.500000000001,188318
cat116,IB,1,5.310166845442284e-06,6240.19,6240.19,0.0,188318
cat116,IC,708,0.003759598126573137,2541.6633192090394,1929.775,2165.2925000000005,188318
cat116,ID,136,0.0007221826909801506,2783.8891911764704,1961.665,2608.21,188318
cat116,IE,4225,0.02243545492199365,3155.7954650887573,2085.83,2934.0000000000005,188318
cat116,IF,617,0.0032763729436378892,2655.9565478119935,2102.61,2366.79,188318
cat116,IG,2269,0.012048768572308542,2713.8331599823714,2096.14,2406.35,188318
cat116,IH,1168,0.006202274875476588,2424.768852739726,1816.92,2035.5549999999998,188318
cat116,II,12,6.372200214530741e-05,2280.8483333333334,1269.91,1406.13,188318
cat116,IJ,3,1.5930500536326852e-05,5555.463333333333,2205.77,5481.83,188318
cat116,IK,1,5.310166845442284e-06,3475.28,3475.28,0.0,188318
cat116,IL,10,5.3101668454422835e-05,2513.6169999999997,2088.94,1862.3125,188318
cat116,IM,41,0.00021771684066313363,4210.285609756097,2907.49,2965.7899999999995,188318
cat116,IN,46,0.00024426767489034505,4343.775869565217,3017.5550000000003,4586.7475,188318
cat116,IO,1,5.310166845442284e-06,4612.83,4612.83,0.0,188318
cat116,IP,25,0.0001327541711360571,1175.116,1116.72,601.6500000000001,188318
cat116,IQ,142,0.0007540436920528043,3468.794718309859,2646.295,3921.8449999999993,188318
cat116,IR,1,5.310166845442284e-06,4868.25,4868.25,0.0,188318
cat116,IT,336,0.0017842160600686074,3383.6069047619044,2199.955,2732.0225,188318
cat116,IU,96,0.0005097760171624593,4269.758854166666,2960.23,3871.4775,188318
cat116,IV,1,5.310166845442284e-06,5264.88,5264.88,0.0,188318
cat116,IX,1,5.310166845442284e-06,7020.68,7020.68,0.0,188318
cat116,IY,79,0.0004195031807899404,2585.457088607595,2133.19,1699.9299999999998,188318
cat116,J,1,5.310166845442284e-06,51383.04,51383.04,0.0,188318
cat116,JA,1,5.310166845442284e-06,1576.5,1576.5,0.0,188318
cat116,JB,5,2.6550834227211417e-05,1034.896,622.66,1110.49,188318
cat116,JC,22,0.00011682367059973025,1895.5436363636363,1819.955,1290.6575000000003,188318
cat116,JD,1,5.310166845442284e-06,1973.9,1973.9,0.0,188318
cat116,JE,17,9.027283637251883e-05,2045.9547058823532,1523.43,1735.7199999999998,188318
cat116,JF,16,8.496266952707654e-05,1325.078125,1105.0549999999998,925.7000000000003,188318
cat116,JG,6,3.1861001072653704e-05,1682.3216666666667,1334.205,1154.5825,188318
cat116,JH,4,2.1240667381769135e-05,1220.5825,1158.52,690.9675000000001,188318
cat116,JI,1,5.310166845442284e-06,1126.16,1126.16,0.0,188318
cat116,JJ,6,3.1861001072653704e-05,1423.0416666666667,1232.3,517.56,188318
cat116,JK,1,5.310166845442284e-06,2150.0,2150.0,0.0,188318
cat116,JL,89,0.00047260484924436326,1516.9467415730337,1253.28,1016.5899999999999,188318
cat116,JM,26,0.00013806433798149937,1689.3446153846153,1575.655,739.8575000000001,188318
cat116,JN,1,5.310166845442284e-06,726.47,726.47,0.0,188318
cat116,JO,1,5.310166845442284e-06,17297.19,17297.19,0.0,188318
cat116,JP,4,2.1240667381769135e-05,17624.1,10269.705,20778.385000000002,188318
cat116,JQ,10,5.3101668454422835e-05,1932.834,1653.125,1969.8500000000001,188318
cat116,JR,1013,0.005379199014433033,3396.3271767028627,2544.53,2632.7799999999997,188318
cat116,JT,1,5.310166845442284e-06,1523.32,1523.32,0.0,188318
cat116,JU,97,0.0005150861840079016,4553.417525773196,2563.44,3759.75,188318
cat116,JV,3,1.5930500536326852e-05,2104.036666666667,1011.36,1815.6250000000002,188318
cat116,JW,390,0.0020709650697224905,3832.2865128205126,2873.075,3187.584999999999,188318
cat116,JX,184,0.0009770706995613802,4674.847173913044,2730.94,3654.515,188318
cat116,JY,6,3.1861001072653704e-05,1331.5983333333334,1330.525,901.0075,188318
cat116,K,138,0.0007328030246710352,3298.431449275362,2338.035,2377.7625,188318
cat116,KA,613,0.00325513227625612,3776.759070146819,2431.03,2595.4799999999996,188318
cat116,KB,363,0.001927590564895549,3218.598980716253,2514.69,2764.41,188318
cat116,KC,1513,0.008034282437154176,2785.664448116325,2019.82,2462.16,188318
cat116,KD,188,0.0009983113669431493,2934.6901063829787,1743.025,1559.0525000000002,188318
cat116,KE,32,0.00016992533905415308,1861.1815625,1706.125,1445.93,188318
cat116,KF,3,1.5930500536326852e-05,2423.346666666667,2505.85,344.7049999999999,188318
cat116,KG,4,2.1240667381769135e-05,1107.155,996.865,814.665,188318
cat116,KH,1,5.310166845442284e-06,14163.63,14163.63,0.0,188318
cat116,KI,166,0.0008814876963434192,2427.936987951807,1884.82,2388.295,188318
cat116,KJ,130,0.0006903216899074969,3451.036,2297.865,2656.99,188318
cat116,KK,16,8.496266952707654e-05,2760.784375,2013.81,1626.0275,188318
cat116,KL,280,0.0014868467167238396,5060.2635,3228.9,4022.4124999999995,188318
cat116,KM,18,9.55830032179611e-05,2362.972777777778,1780.275,1740.3425000000002,188318
cat116,KN,59,0.00031329984388109473,4558.088983050848,2989.91,3755.76,188318
cat116,KP,251,0.0013328518782060133,4785.839960159363,2312.77,3382.9799999999996,188318
cat116,KQ,213,0.0011310655380792065,3205.237511737089,2340.25,2769.04,188318
cat116,KR,519,0.0027559765927845452,3833.559210019268,2476.86,3684.8350000000005,188318
cat116,KS,1,5.310166845442284e-06,3248.91,3248.91,0.0,188318
cat116,KT,94,0.0004991556834715746,6609.439680851064,3786.6099999999997,6739.802500000002,188318
cat116,KU,123,0.0006531505219894009,3496.2667479674797,2240.92,3066.7899999999995,188318
cat116,KV,3,1.5930500536326852e-05,3514.8933333333334,2785.35,2732.045,188318
cat116,KW,3085,0.016381864718189445,2865.2852350081034,1990.47,2270.31,188318
cat116,KX,224,0.0011894773733790716,3055.3609375,2211.99,2612.91,188318
cat116,KY,17,9.027283637251883e-05,6901.440588235295,6622.38,4468.64,188318
cat116,L,9,4.779150160898055e-05,4678.647777777778,3427.46,4253.96,188318
cat116,LA,17,9.027283637251883e-05,3309.820588235294,3170.43,3617.7,188318
cat116,LB,3194,0.016960672904342656,2917.5231997495302,2145.63,2479.915,188318
cat116,LC,295,0.0015664992194054737,2877.7301694915254,2003.11,2419.805,188318
cat116,LD,137,0.0007274928578255928,5924.279927007299,3145.27,5717.95,188318
cat116,LE,6,3.1861001072653704e-05,2264.6283333333336,1568.04,1222.06,188318
cat116,LF,1873,0.009945942501513398,3239.8214148424986,2286.0,2476.87,188318
cat116,LG,6,3.1861001072653704e-05,7174.66,5541.88,4740.4375,188318
cat116,LH,29,0.00015399483851782624,1511.693448275862,1461.77,1486.1000000000001,188318
cat116,LI,246,0.0013063010439788019,4254.353170731707,2260.51,3309.5325000000007,188318
cat116,LJ,389,0.0020656549028770484,4440.8870437017995,2894.65,4486.57,188318
cat116,LK,18,9.55830032179611e-05,6068.598888888889,2854.88,6448.0425,188318
cat116,LL,244,0.0012956807102879173,2005.015655737705,1668.255,1437.2600000000002,188318
cat116,LM,3277,0.017401416752514363,2886.1043240768995,2159.16,2382.8500000000004,188318
cat116,LN,3127,0.016604891725698023,3025.9909657818994,2050.64,2299.27,188318
cat116,LO,2082,0.011055767372210834,3162.963227665706,2254.2200000000003,2754.15,188318
cat116,LQ,589,0.0031276882719655052,3479.0777249575553,2227.22,2886.8999999999996,188318
cat116,LR,40,0.00021240667381769134,6046.14675,3555.17,5427.22,188318
cat116,LT,48,0.00025488800858122963,6315.619166666666,4446.49,6661.8725,188318
cat116,LU,3,1.5930500536326852e-05,1314.1499999999999,1411.08,615.085,188318
cat116,LV,298,0.0015824297199418006,6542.849530201342,3838.395,6575.6849999999995,188318
cat116,LW,635,0.00337195594685585,3124.4456062992126,2106.66,2756.98,188318
cat116,LX,340,0.0018054567274503764,3277.760294117647,2386.165,2546.1425000000004,188318
cat116,LY,1327,0.007046591403901911,3229.3726752072344,2229.26,2528.915,188318
cat116,M,3,1.5930500536326852e-05,4747.946666666667,3333.34,3321.5499999999997,188318
cat116,MA,81,0.000430123514480825,3455.5885185185184,1932.21,2313.21,188318
cat116,MB,1,5.310166845442284e-06,9290.32,9290.32,0.0,188318
cat116,MC,343,0.0018213872279867034,2235.9202332361515,1894.6,1715.87,188318
cat116,MD,1960,0.010407927017066877,3162.8169285714284,2015.095,2743.63,188318
cat116,ME,290,0.0015399483851782623,2311.3504137931036,1916.1,2023.8899999999999,188318
cat116,MF,1,5.310166845442284e-06,1435.47,1435.47,0.0,188318
cat116,MG,357,0.0018957295638228954,4158.153445378151,3074.04,4342.42,188318
cat116,MH,1,5.310166845442284e-06,2255.02,2255.02,0.0,188318
cat116,MI,96,0.0005097760171624593,4568.883958333333,2722.9799999999996,3766.8725,188318
cat116,MJ,701,0.003722426958655041,3803.600370898716,2368.33,2950.8700000000003,188318
cat116,MK,28,0.00014868467167238395,6960.207857142857,4186.135,6785.35,188318
cat116,ML,13,6.903216899074968e-05,3833.0053846153846,2266.15,1762.5099999999998,188318
cat116,MM,11,5.8411835299865124e-05,4595.347272727273,2466.52,1925.9750000000004,188318
cat116,MN,10,5.3101668454422835e-05,4777.05,2784.9750000000004,2236.8675000000003,188318
cat116,MO,33,0.00017523550589959537,2107.3439393939398,1779.95,1614.74,188318
cat116,MP,77,0.00040888284709905584,2843.800779220779,2479.12,1977.9,188318
cat116,MQ,39,0.00020709650697224908,7309.423333333333,5344.24,6338.039999999999,188318
cat116,MR,19,0.0001008931700634034,9178.802631578947,3350.37,6465.084999999999,188318
cat116,MS,1,5.310166845442284e-06,67537.73,67537.73,0.0,188318
cat116,MT,1,5.310166845442284e-06,729.77,729.77,0.0,188318
cat116,MU,43,0.0002283371743540182,4003.078604651163,2321.15,3613.8400000000006,188318
cat116,MV,2,1.0620333690884567e-05,4164.385,4164.385,517.5350000000003,188318
cat116,MW,24,0.00012744400429061481,4320.787499999999,2514.6949999999997,4254.537499999999,188318
cat116,O,3,1.5930500536326852e-05,4221.150000000001,3709.07,2496.76,188318
cat116,P,2,1.0620333690884567e-05,37820.24,37820.24,22006.55,188318
cat116,Q,2,1.0620333690884567e-05,11476.095,11476.095,5138.475,188318
cat116,R,4,2.1240667381769135e-05,24498.692499999997,26222.315,28540.937499999996,188318
cat116,S,2,1.0620333690884567e-05,4585.995,4585.995,3104.365,188318
cat116,T,2,1.0620333690884567e-05,3799.9849999999997,3799.9849999999997,1348.4549999999995,188318
cat116,U,14,7.434233583619197e-05,20924.859285714287,9649.11,12920.4125,188318
cat116,V,1,5.310166845442284e-06,542.81,542.81,0.0,188318
cat116,W,2,1.0620333690884567e-05,46347.59,46347.59,7842.799999999996,188318
cat116,X,2,1.0620333690884567e-05,19845.899999999998,19845.899999999998,17321.159999999996,188318
cat116,Y,10,5.3101668454422835e-05,4593.423,3099.0150000000003,2756.9474999999993,188318
