level,support,share,below_1_percent
E,25148,0.13354007582918256,False
AH,18639,0.09897619983219873,False
AS,17669,0.09382533799211971,False
J,16222,0.08614152656676473,False
AF,9368,0.049745643008103316,False
AN,9138,0.04852430463365159,False
N,8453,0.04488684034452362,False
U,8356,0.044371754160515725,False
AV,7122,0.037819008273239946,False
AK,6726,0.0357161822024448,False
K,6059,0.032174300916534795,False
AI,4749,0.025217982349005404,False
S,4201,0.022308010917703035,False
AP,4000,0.021240667381769135,False
G,3168,0.016822608566361155,False
F,3149,0.016721715396297753,False
AW,3145,0.016700474728915983,False
A,2411,0.012802812264361346,False
AR,2365,0.012558544589471001,False
C,2257,0.011985046570163235,False
O,2183,0.011592094223600505,False
D,1645,0.008735224460752557,True
AD,1531,0.008129865440372136,True
AY,1414,0.007508575919455389,True
Y,1351,0.007174035408192525,True
AG,1331,0.00706783207128368,True
AT,1272,0.006754532227402585,True
AA,1241,0.0065899170551938745,True
AM,1170,0.006212895209167472,True
AL,1130,0.006000488535349781,True
R,1123,0.005963317367431685,True
AX,1074,0.005703119192005013,True
I,940,0.0049915568347157465,True
X,925,0.004911904332034113,True
AE,834,0.004428679149098865,True
Q,793,0.004210962308435731,True
V,693,0.0036799456238915027,True
H,548,0.0029099714313023713,True
AO,534,0.0028356290954661793,True
T,521,0.00276659692647543,True
L,493,0.002617912254803046,True
W,461,0.002447986915748893,True
AC,454,0.002410815747830797,True
M,439,0.0023311632451491625,True
AU,434,0.002304612410921951,True
B,423,0.002246200575622086,True
P,406,0.002155927739249567,True
AB,246,0.0013063010439788019,True
BA,190,0.0010089317006340339,True
AJ,144,0.0007646640257436888,True
AQ,30,0.00015930500536326853,True
