field,cont1,cont2,cont3,cont4,cont5,cont6,cont7,cont8,cont9,cont10,cont11,cont12,cont13,cont14,loss
cont1,1.0,-0.08518029387715997,-0.44543148634558954,0.367549224481326,-0.025229955620215967,0.7583153164367251,0.367384466459488,0.3611625221117593,0.9299117057620867,0.8085508694335549,0.5960897961424109,0.6142254546728488,0.5348495237416716,0.056688374385408365,-0.0102369377083987
cont2,-0.08518029387715997,1.0,0.45586092326947225,0.0386931098530201,0.19142746013854828,0.01586388673724419,0.04818715622287457,0.1374677737876136,-0.03272912884602226,0.06352639654732499,0.11682355284147328,0.10625016401767298,0.023334652627748965,-0.04558424851205817,0.14152795887905636
cont3,-0.44543148634558954,0.45586092326947225,1.0,-0.3416332046286757,0.08941735967198565,-0.3492777441070139,0.09751599216147683,-0.18543231552104988,-0.41705405292901127,-0.3255620442545823,0.02527091278121448,0.006110641572276829,-0.4182025800950456,-0.0395923186259459,0.11105330817721754
cont4,0.367549224481326,0.0386931098530201,-0.3416332046286757,1.0,0.163747694721437,0.2209322921648817,-0.11506356805997624,0.5287402972174362,0.32896063918109697,0.28329422171050017,0.12092660758300071,0.13045302744643694,0.17934192948808364,0.017445427109677173,-0.0358308098308775
cont5,-0.025229955620215967,0.19142746013854828,0.08941735967198565,0.163747694721437,1.0,-0.1498104006786925,-0.24934373085778402,0.009014700138595818,-0.08820195753770195,-0.06496683919111802,-0.1515481914902333,-0.14821668189054477,-0.08291451726938674,-0.02163779514047803,-0.011354502446472197
cont6,0.7583153164367251,0.01586388673724419,-0.3492777441070139,0.2209322921648817,-0.1498104006786925,1.0,0.6589182968091386,0.43743713137839263,0.7975435189948882,0.8833505068489653,0.7737454535517789,0.7851439724373066,0.8150910765208778,0.04217771657784682,0.040966824749897816
cont7,0.367384466459488,0.04818715622287457,0.09751599216147683,-0.11506356805997624,-0.24934373085778402,0.6589182968091386,1.0,0.14204207923623532,0.3843429121740852,0.49262070698937277,0.7471079167884334,0.7427122632499453,0.2883949080726501,0.0222859809578413,0.11979887050310296
cont8,0.3611625221117593,0.1374677737876136,-0.18543231552104988,0.5287402972174362,0.009014700138595818,0.43743713137839263,0.14204207923623532,1.0,0.45265752534351933,0.3365877193711841,0.3023805417676596,0.31590415212123985,0.476401585522033,0.04353935038602511,0.030508379587442607
cont9,0.9299117057620867,-0.03272912884602226,-0.41705405292901127,0.32896063918109697,-0.08820195753770195,0.7975435189948882,0.3843429121740852,0.45265752534351933,1.0,0.7856967914962644,0.6080004698114104,0.6266564373275377,0.6420276948884264,0.07415381447994186,0.014455587837242495
cont10,0.8085508694335549,0.06352639654732499,-0.3255620442545823,0.28329422171050017,-0.06496683919111802,0.8833505068489653,0.49262070698937277,0.3365877193711841,0.7856967914962644,1.0,0.7028955435077643,0.7138119332651864,0.7078763931019293,0.04180832249288768,0.020236142979713625
cont11,0.5960897961424109,0.11682355284147328,0.02527091278121448,0.12092660758300071,-0.1515481914902333,0.7737454535517789,0.7471079167884334,0.3023805417676596,0.6080004698114104,0.7028955435077643,1.0,0.9943841100222036,0.46624666871578097,0.04729287072139842,0.09980638463804475
cont12,0.6142254546728488,0.10625016401767298,0.006110641572276829,0.13045302744643694,-0.14821668189054477,0.7851439724373066,0.7427122632499453,0.31590415212123985,0.6266564373275377,0.7138119332651864,0.9943841100222036,1.0,0.4786766747105185,0.050266579867928325,0.09872384974322047
cont13,0.5348495237416716,0.023334652627748965,-0.4182025800950456,0.17934192948808364,-0.08291451726938674,0.8150910765208778,0.2883949080726501,0.476401585522033,0.6420276948884264,0.7078763931019293,0.46624666871578097,0.4786766747105185,1.0,0.04754275116367268,-0.004022110368734181
cont14,0.056688374385408365,-0.04558424851205817,-0.0395923186259459,0.017445427109677173,-0.02163779514047803,0.04217771657784682,0.0222859809578413,0.04353935038602511,0.07415381447994186,0.04180832249288768,0.04729287072139842,0.050266579867928325,0.04754275116367268,1.0,0.019297829728668493
loss,-0.0102369377083987,0.14152795887905636,0.11105330817721754,-0.0358308098308775,-0.011354502446472197,0.040966824749897816,0.11979887050310296,0.030508379587442607,0.014455587837242495,0.020236142979713625,0.09980638463804475,0.09872384974322047,-0.004022110368734181,0.019297829728668493,1.0
