binned_feature,support,mean_loss,median_loss,iqr_loss
"(0.00014999999999999996, 0.2]",21257,2120.2675923225293,1740.26,1675.35
"(0.2, 0.299]",21001,2650.0547373934573,2109.64,2324.8900000000003
"(0.299, 0.358]",14370,2815.646257480863,2141.76,2547.9975
"(0.358, 0.489]",35670,3008.0306952621254,2190.185,2779.1224999999995
"(0.489, 0.556]",20975,3216.650566865316,2221.06,2992.5299999999997
"(0.556, 0.621]",20190,3398.676783060921,2258.145,3134.1475
"(0.621, 0.737]",32172,3399.2396817108047,2225.165,3109.3625
"(0.737, 0.786]",15475,3422.4219560581587,2107.07,3008.405
"(0.786, 0.863]",7208,3481.2555799112097,2123.25,3080.3900000000003
